period,stateid,stateDescription,sectorid,sectorName,price,sales,price-units,sales-units,sector
2001-01-01,OH,Ohio,RES,residential,7.59,5432.95864,cents per kilowatt-hour,million kilowatt hours,RES
2001-01-01,OH,Ohio,COM,commercial,7.61,3420.42552,cents per kilowatt-hour,million kilowatt hours,COM
2001-02-01,OH,Ohio,COM,commercial,8.58,3005.61322,cents per kilowatt-hour,million kilowatt hours,COM
2001-02-01,OH,Ohio,RES,residential,7.87,4011.77856,cents per kilowatt-hour,million kilowatt hours,RES
2001-03-01,OH,Ohio,RES,residential,7.99,4034.49837,cents per kilowatt-hour,million kilowatt hours,RES
2001-03-01,OH,Ohio,COM,commercial,8.34,3209.70364,cents per kilowatt-hour,million kilowatt hours,COM
2001-04-01,OH,Ohio,COM,commercial,8.57,2951.70947,cents per kilowatt-hour,million kilowatt hours,COM
2001-04-01,OH,Ohio,RES,residential,8.38,3278.86713,cents per kilowatt-hour,million kilowatt hours,RES
2001-05-01,OH,Ohio,COM,commercial,8.86,3299.9395,cents per kilowatt-hour,million kilowatt hours,COM
2001-05-01,OH,Ohio,RES,residential,8.93,3108.4299,cents per kilowatt-hour,million kilowatt hours,RES
2001-06-01,OH,Ohio,COM,commercial,8.79,3356.41139,cents per kilowatt-hour,million kilowatt hours,COM
2001-06-01,OH,Ohio,RES,residential,9.28,3561.75234,cents per kilowatt-hour,million kilowatt hours,RES
2001-07-01,OH,Ohio,RES,residential,9.01,4808.91952,cents per kilowatt-hour,million kilowatt hours,RES
2001-07-01,OH,Ohio,COM,commercial,8.53,3730.7262,cents per kilowatt-hour,million kilowatt hours,COM
2001-08-01,OH,Ohio,COM,commercial,8.38,3967.9245,cents per kilowatt-hour,million kilowatt hours,COM
2001-08-01,OH,Ohio,RES,residential,8.86,5084.12532,cents per kilowatt-hour,million kilowatt hours,RES
2001-09-01,OH,Ohio,COM,commercial,8.68,3125.63915,cents per kilowatt-hour,million kilowatt hours,COM
2001-09-01,OH,Ohio,RES,residential,8.78,3445.04715,cents per kilowatt-hour,million kilowatt hours,RES
2001-10-01,OH,Ohio,COM,commercial,8.72,3329.67566,cents per kilowatt-hour,million kilowatt hours,COM
2001-10-01,OH,Ohio,RES,residential,8.35,3196.76976,cents per kilowatt-hour,million kilowatt hours,RES
2001-11-01,OH,Ohio,COM,commercial,8.31,2893.57459,cents per kilowatt-hour,million kilowatt hours,COM
2001-11-01,OH,Ohio,RES,residential,7.95,3319.20528,cents per kilowatt-hour,million kilowatt hours,RES
2001-12-01,OH,Ohio,COM,commercial,8.23,3080.73515,cents per kilowatt-hour,million kilowatt hours,COM
2001-12-01,OH,Ohio,RES,residential,7.69,4063.81103,cents per kilowatt-hour,million kilowatt hours,RES
2002-01-01,OH,Ohio,COM,commercial,7.2,3166.93377,cents per kilowatt-hour,million kilowatt hours,COM
2002-01-01,OH,Ohio,RES,residential,7.59,5127.37575,cents per kilowatt-hour,million kilowatt hours,RES
2002-02-01,OH,Ohio,COM,commercial,7.92,2963.36063,cents per kilowatt-hour,million kilowatt hours,COM
2002-02-01,OH,Ohio,RES,residential,7.84,3685.37626,cents per kilowatt-hour,million kilowatt hours,RES
2002-03-01,OH,Ohio,RES,residential,7.78,4119.89923,cents per kilowatt-hour,million kilowatt hours,RES
2002-03-01,OH,Ohio,COM,commercial,8.02,3132.33261,cents per kilowatt-hour,million kilowatt hours,COM
2002-04-01,OH,Ohio,COM,commercial,7.9,3058.81239,cents per kilowatt-hour,million kilowatt hours,COM
2002-04-01,OH,Ohio,RES,residential,8.18,3446.88739,cents per kilowatt-hour,million kilowatt hours,RES
2002-05-01,OH,Ohio,RES,residential,9.04,3155.58163,cents per kilowatt-hour,million kilowatt hours,RES
2002-05-01,OH,Ohio,COM,commercial,8.24,3205.70477,cents per kilowatt-hour,million kilowatt hours,COM
2002-06-01,OH,Ohio,COM,commercial,7.94,3628.64843,cents per kilowatt-hour,million kilowatt hours,COM
2002-06-01,OH,Ohio,RES,residential,8.65,4202.73337,cents per kilowatt-hour,million kilowatt hours,RES
2002-07-01,OH,Ohio,RES,residential,8.84,5754.35729,cents per kilowatt-hour,million kilowatt hours,RES
2002-07-01,OH,Ohio,COM,commercial,7.7,4007.85933,cents per kilowatt-hour,million kilowatt hours,COM
2002-08-01,OH,Ohio,RES,residential,8.73,5380.79151,cents per kilowatt-hour,million kilowatt hours,RES
2002-08-01,OH,Ohio,COM,commercial,7.79,3837.21458,cents per kilowatt-hour,million kilowatt hours,COM
2002-09-01,OH,Ohio,RES,residential,8.6,4155.6936,cents per kilowatt-hour,million kilowatt hours,RES
2002-09-01,OH,Ohio,COM,commercial,7.83,3409.60451,cents per kilowatt-hour,million kilowatt hours,COM
2002-10-01,OH,Ohio,COM,commercial,7.87,3374.80551,cents per kilowatt-hour,million kilowatt hours,COM
2002-10-01,OH,Ohio,RES,residential,8.36,3454.28671,cents per kilowatt-hour,million kilowatt hours,RES
2002-11-01,OH,Ohio,RES,residential,7.93,3587.72179,cents per kilowatt-hour,million kilowatt hours,RES
2002-11-01,OH,Ohio,COM,commercial,7.9,2934.50826,cents per kilowatt-hour,million kilowatt hours,COM
2002-12-01,OH,Ohio,RES,residential,7.41,4792.93846,cents per kilowatt-hour,million kilowatt hours,RES
2002-12-01,OH,Ohio,COM,commercial,7.48,3204.38821,cents per kilowatt-hour,million kilowatt hours,COM
2003-01-01,OH,Ohio,RES,residential,7.4,5609.73127,cents per kilowatt-hour,million kilowatt hours,RES
2003-01-01,OH,Ohio,COM,commercial,7.09,3846.16394,cents per kilowatt-hour,million kilowatt hours,COM
2003-02-01,OH,Ohio,COM,commercial,7.59,3451.96132,cents per kilowatt-hour,million kilowatt hours,COM
2003-02-01,OH,Ohio,RES,residential,7.57,4609.84926,cents per kilowatt-hour,million kilowatt hours,RES
2003-03-01,OH,Ohio,COM,commercial,7.54,3643.5685,cents per kilowatt-hour,million kilowatt hours,COM
2003-03-01,OH,Ohio,RES,residential,7.76,4398.90101,cents per kilowatt-hour,million kilowatt hours,RES
2003-04-01,OH,Ohio,COM,commercial,7.66,3337.48827,cents per kilowatt-hour,million kilowatt hours,COM
2003-04-01,OH,Ohio,RES,residential,8.45,3087.25553,cents per kilowatt-hour,million kilowatt hours,RES
2003-05-01,OH,Ohio,RES,residential,8.83,3172.11508,cents per kilowatt-hour,million kilowatt hours,RES
2003-05-01,OH,Ohio,COM,commercial,7.77,3617.50606,cents per kilowatt-hour,million kilowatt hours,COM
2003-06-01,OH,Ohio,RES,residential,8.96,3563.08811,cents per kilowatt-hour,million kilowatt hours,RES
2003-06-01,OH,Ohio,COM,commercial,7.54,3769.12292,cents per kilowatt-hour,million kilowatt hours,COM
2003-07-01,OH,Ohio,RES,residential,9.02,4994.0723,cents per kilowatt-hour,million kilowatt hours,RES
2003-07-01,OH,Ohio,COM,commercial,7.68,4499.72561,cents per kilowatt-hour,million kilowatt hours,COM
2003-08-01,OH,Ohio,COM,commercial,7.57,4122.41608,cents per kilowatt-hour,million kilowatt hours,COM
2003-08-01,OH,Ohio,RES,residential,8.68,4867.95554,cents per kilowatt-hour,million kilowatt hours,RES
2003-09-01,OH,Ohio,RES,residential,8.72,3770.53271,cents per kilowatt-hour,million kilowatt hours,RES
2003-09-01,OH,Ohio,COM,commercial,7.6,3654.4743,cents per kilowatt-hour,million kilowatt hours,COM
2003-10-01,OH,Ohio,COM,commercial,7.71,3745.88456,cents per kilowatt-hour,million kilowatt hours,COM
2003-10-01,OH,Ohio,RES,residential,8.48,3338.12671,cents per kilowatt-hour,million kilowatt hours,RES
2003-11-01,OH,Ohio,RES,residential,8.23,3363.36139,cents per kilowatt-hour,million kilowatt hours,RES
2003-11-01,OH,Ohio,COM,commercial,7.58,3346.2898,cents per kilowatt-hour,million kilowatt hours,COM
2003-12-01,OH,Ohio,RES,residential,7.7,4845.5891,cents per kilowatt-hour,million kilowatt hours,RES
2003-12-01,OH,Ohio,COM,commercial,7.28,3701.96964,cents per kilowatt-hour,million kilowatt hours,COM
2004-01-01,OH,Ohio,RES,residential,7.59,5710.5576,cents per kilowatt-hour,million kilowatt hours,RES
2004-01-01,OH,Ohio,COM,commercial,7.37,3857.56133,cents per kilowatt-hour,million kilowatt hours,COM
2004-02-01,OH,Ohio,RES,residential,7.69,4630.49982,cents per kilowatt-hour,million kilowatt hours,RES
2004-02-01,OH,Ohio,COM,commercial,7.59,3476.0547,cents per kilowatt-hour,million kilowatt hours,COM
2004-03-01,OH,Ohio,RES,residential,8.27,4162.00576,cents per kilowatt-hour,million kilowatt hours,RES
2004-03-01,OH,Ohio,COM,commercial,7.9,3664.44888,cents per kilowatt-hour,million kilowatt hours,COM
2004-04-01,OH,Ohio,COM,commercial,7.83,3429.69087,cents per kilowatt-hour,million kilowatt hours,COM
2004-04-01,OH,Ohio,RES,residential,8.56,3415.89474,cents per kilowatt-hour,million kilowatt hours,RES
2004-05-01,OH,Ohio,COM,commercial,7.73,3691.9554,cents per kilowatt-hour,million kilowatt hours,COM
2004-05-01,OH,Ohio,RES,residential,8.78,3239.49391,cents per kilowatt-hour,million kilowatt hours,RES
2004-06-01,OH,Ohio,COM,commercial,7.78,4060.26967,cents per kilowatt-hour,million kilowatt hours,COM
2004-06-01,OH,Ohio,RES,residential,9.09,4104.39242,cents per kilowatt-hour,million kilowatt hours,RES
2004-07-01,OH,Ohio,COM,commercial,7.87,4099.02203,cents per kilowatt-hour,million kilowatt hours,COM
2004-07-01,OH,Ohio,RES,residential,8.97,4786.34018,cents per kilowatt-hour,million kilowatt hours,RES
2004-08-01,OH,Ohio,COM,commercial,7.93,4146.53108,cents per kilowatt-hour,million kilowatt hours,COM
2004-08-01,OH,Ohio,RES,residential,9.13,4452.70333,cents per kilowatt-hour,million kilowatt hours,RES
2004-09-01,OH,Ohio,COM,commercial,7.71,3931.75586,cents per kilowatt-hour,million kilowatt hours,COM
2004-09-01,OH,Ohio,RES,residential,8.83,3892.44386,cents per kilowatt-hour,million kilowatt hours,RES
2004-10-01,OH,Ohio,RES,residential,8.64,3323.10706,cents per kilowatt-hour,million kilowatt hours,RES
2004-10-01,OH,Ohio,COM,commercial,7.88,3702.07234,cents per kilowatt-hour,million kilowatt hours,COM
2004-11-01,OH,Ohio,RES,residential,8.5,3544.26923,cents per kilowatt-hour,million kilowatt hours,RES
2004-11-01,OH,Ohio,COM,commercial,7.91,3432.3126,cents per kilowatt-hour,million kilowatt hours,COM
2004-12-01,OH,Ohio,COM,commercial,7.45,3821.77825,cents per kilowatt-hour,million kilowatt hours,COM
2004-12-01,OH,Ohio,RES,residential,7.92,5038.33008,cents per kilowatt-hour,million kilowatt hours,RES
2005-01-01,OH,Ohio,COM,commercial,7.59,3830.30012,cents per kilowatt-hour,million kilowatt hours,COM
2005-01-01,OH,Ohio,RES,residential,7.71,5379.25316,cents per kilowatt-hour,million kilowatt hours,RES
2005-02-01,OH,Ohio,RES,residential,7.85,4394.618,cents per kilowatt-hour,million kilowatt hours,RES
2005-02-01,OH,Ohio,COM,commercial,7.82,3527.43584,cents per kilowatt-hour,million kilowatt hours,COM
2005-03-01,OH,Ohio,RES,residential,8.05,4492.16394,cents per kilowatt-hour,million kilowatt hours,RES
2005-03-01,OH,Ohio,COM,commercial,7.92,3730.27857,cents per kilowatt-hour,million kilowatt hours,COM
2005-04-01,OH,Ohio,RES,residential,8.47,3440.79199,cents per kilowatt-hour,million kilowatt hours,RES
2005-04-01,OH,Ohio,COM,commercial,8.01,3409.20435,cents per kilowatt-hour,million kilowatt hours,COM
2005-05-01,OH,Ohio,COM,commercial,8.06,3639.92735,cents per kilowatt-hour,million kilowatt hours,COM
2005-05-01,OH,Ohio,RES,residential,8.97,3295.25532,cents per kilowatt-hour,million kilowatt hours,RES
2005-06-01,OH,Ohio,COM,commercial,7.9,4344.01158,cents per kilowatt-hour,million kilowatt hours,COM
2005-06-01,OH,Ohio,RES,residential,9.15,4510.35822,cents per kilowatt-hour,million kilowatt hours,RES
2005-07-01,OH,Ohio,RES,residential,8.98,5667.70072,cents per kilowatt-hour,million kilowatt hours,RES
2005-07-01,OH,Ohio,COM,commercial,7.82,4404.37155,cents per kilowatt-hour,million kilowatt hours,COM
2005-08-01,OH,Ohio,COM,commercial,8,4516.58707,cents per kilowatt-hour,million kilowatt hours,COM
2005-08-01,OH,Ohio,RES,residential,9.08,5691.00139,cents per kilowatt-hour,million kilowatt hours,RES
2005-09-01,OH,Ohio,RES,residential,8.94,4215.74542,cents per kilowatt-hour,million kilowatt hours,RES
2005-09-01,OH,Ohio,COM,commercial,7.99,4059.25146,cents per kilowatt-hour,million kilowatt hours,COM
2005-10-01,OH,Ohio,RES,residential,8.7,3676.00702,cents per kilowatt-hour,million kilowatt hours,RES
2005-10-01,OH,Ohio,COM,commercial,8.16,3910.25625,cents per kilowatt-hour,million kilowatt hours,COM
2005-11-01,OH,Ohio,COM,commercial,8.09,3600.18698,cents per kilowatt-hour,million kilowatt hours,COM
2005-11-01,OH,Ohio,RES,residential,8.55,3793.80292,cents per kilowatt-hour,million kilowatt hours,RES
2005-12-01,OH,Ohio,COM,commercial,7.8,3897.94388,cents per kilowatt-hour,million kilowatt hours,COM
2005-12-01,OH,Ohio,RES,residential,7.81,5347.5459,cents per kilowatt-hour,million kilowatt hours,RES
2006-01-01,OH,Ohio,RES,residential,8.28,5082.67544,cents per kilowatt-hour,million kilowatt hours,RES
2006-01-01,OH,Ohio,COM,commercial,8.06,3720.57341,cents per kilowatt-hour,million kilowatt hours,COM
2006-02-01,OH,Ohio,RES,residential,8.87,4284.39549,cents per kilowatt-hour,million kilowatt hours,RES
2006-02-01,OH,Ohio,COM,commercial,8.33,3511.90004,cents per kilowatt-hour,million kilowatt hours,COM
2006-03-01,OH,Ohio,RES,residential,8.78,4486.1807,cents per kilowatt-hour,million kilowatt hours,RES
2006-03-01,OH,Ohio,COM,commercial,8.49,3853.14758,cents per kilowatt-hour,million kilowatt hours,COM
2006-04-01,OH,Ohio,COM,commercial,8.48,3367.96544,cents per kilowatt-hour,million kilowatt hours,COM
2006-04-01,OH,Ohio,RES,residential,9.33,3336.94791,cents per kilowatt-hour,million kilowatt hours,RES
2006-05-01,OH,Ohio,RES,residential,9.94,3232.94638,cents per kilowatt-hour,million kilowatt hours,RES
2006-05-01,OH,Ohio,COM,commercial,8.45,3861.65312,cents per kilowatt-hour,million kilowatt hours,COM
2006-06-01,OH,Ohio,COM,commercial,8.73,3958.28257,cents per kilowatt-hour,million kilowatt hours,COM
2006-06-01,OH,Ohio,RES,residential,10.16,4110.75603,cents per kilowatt-hour,million kilowatt hours,RES
2006-07-01,OH,Ohio,COM,commercial,8.49,4546.03437,cents per kilowatt-hour,million kilowatt hours,COM
2006-07-01,OH,Ohio,RES,residential,10.03,5472.46801,cents per kilowatt-hour,million kilowatt hours,RES
2006-08-01,OH,Ohio,RES,residential,9.93,5631.57248,cents per kilowatt-hour,million kilowatt hours,RES
2006-08-01,OH,Ohio,COM,commercial,8.41,4481.70318,cents per kilowatt-hour,million kilowatt hours,COM
2006-09-01,OH,Ohio,COM,commercial,8.48,3694.40187,cents per kilowatt-hour,million kilowatt hours,COM
2006-09-01,OH,Ohio,RES,residential,9.89,3486.53193,cents per kilowatt-hour,million kilowatt hours,RES
2006-10-01,OH,Ohio,RES,residential,9.57,3472.82241,cents per kilowatt-hour,million kilowatt hours,RES
2006-10-01,OH,Ohio,COM,commercial,8.59,3883.61087,cents per kilowatt-hour,million kilowatt hours,COM
2006-11-01,OH,Ohio,RES,residential,9.05,3998.31182,cents per kilowatt-hour,million kilowatt hours,RES
2006-11-01,OH,Ohio,COM,commercial,8.51,3533.6341,cents per kilowatt-hour,million kilowatt hours,COM
2006-12-01,OH,Ohio,RES,residential,8.53,4779.62337,cents per kilowatt-hour,million kilowatt hours,RES
2006-12-01,OH,Ohio,COM,commercial,8.21,3727.79746,cents per kilowatt-hour,million kilowatt hours,COM
2007-01-01,OH,Ohio,COM,commercial,8.36,3917.67695,cents per kilowatt-hour,million kilowatt hours,COM
2007-01-01,OH,Ohio,RES,residential,8.82,5273.24396,cents per kilowatt-hour,million kilowatt hours,RES
2007-02-01,OH,Ohio,RES,residential,8.55,5195.16935,cents per kilowatt-hour,million kilowatt hours,RES
2007-02-01,OH,Ohio,COM,commercial,8.45,3762.51407,cents per kilowatt-hour,million kilowatt hours,COM
2007-03-01,OH,Ohio,RES,residential,8.76,4585.62677,cents per kilowatt-hour,million kilowatt hours,RES
2007-03-01,OH,Ohio,COM,commercial,8.63,3845.03025,cents per kilowatt-hour,million kilowatt hours,COM
2007-04-01,OH,Ohio,RES,residential,9.6,3582.09704,cents per kilowatt-hour,million kilowatt hours,RES
2007-04-01,OH,Ohio,COM,commercial,8.61,3672.60468,cents per kilowatt-hour,million kilowatt hours,COM
2007-05-01,OH,Ohio,COM,commercial,8.88,4044.79733,cents per kilowatt-hour,million kilowatt hours,COM
2007-05-01,OH,Ohio,RES,residential,9.95,3581.98302,cents per kilowatt-hour,million kilowatt hours,RES
2007-06-01,OH,Ohio,RES,residential,10.34,4474.90784,cents per kilowatt-hour,million kilowatt hours,RES
2007-06-01,OH,Ohio,COM,commercial,8.62,4246.97651,cents per kilowatt-hour,million kilowatt hours,COM
2007-07-01,OH,Ohio,COM,commercial,8.93,4307.39121,cents per kilowatt-hour,million kilowatt hours,COM
2007-07-01,OH,Ohio,RES,residential,10.4,4953.65818,cents per kilowatt-hour,million kilowatt hours,RES
2007-08-01,OH,Ohio,COM,commercial,8.9,4760.37485,cents per kilowatt-hour,million kilowatt hours,COM
2007-08-01,OH,Ohio,RES,residential,10.46,5682.21392,cents per kilowatt-hour,million kilowatt hours,RES
2007-09-01,OH,Ohio,COM,commercial,8.72,4057.21655,cents per kilowatt-hour,million kilowatt hours,COM
2007-09-01,OH,Ohio,RES,residential,10.01,4489.60436,cents per kilowatt-hour,million kilowatt hours,RES
2007-10-01,OH,Ohio,RES,residential,9.55,3727.36428,cents per kilowatt-hour,million kilowatt hours,RES
2007-10-01,OH,Ohio,COM,commercial,8.69,4126.60636,cents per kilowatt-hour,million kilowatt hours,COM
2007-11-01,OH,Ohio,RES,residential,9.6,3726.35058,cents per kilowatt-hour,million kilowatt hours,RES
2007-11-01,OH,Ohio,COM,commercial,8.77,3565.52727,cents per kilowatt-hour,million kilowatt hours,COM
2007-12-01,OH,Ohio,COM,commercial,8.45,3821.79599,cents per kilowatt-hour,million kilowatt hours,COM
2007-12-01,OH,Ohio,RES,residential,8.96,5103.53968,cents per kilowatt-hour,million kilowatt hours,RES
2008-01-01,OH,Ohio,RES,residential,8.87,5612.1381,cents per kilowatt-hour,million kilowatt hours,RES
2008-01-01,OH,Ohio,COM,commercial,8.59,3981.20918,cents per kilowatt-hour,million kilowatt hours,COM
2008-02-01,OH,Ohio,COM,commercial,9.02,3820.60517,cents per kilowatt-hour,million kilowatt hours,COM
2008-02-01,OH,Ohio,RES,residential,9.15,5029.97305,cents per kilowatt-hour,million kilowatt hours,RES
2008-03-01,OH,Ohio,COM,commercial,8.98,3904.01859,cents per kilowatt-hour,million kilowatt hours,COM
2008-03-01,OH,Ohio,RES,residential,9.22,4850.75244,cents per kilowatt-hour,million kilowatt hours,RES
2008-04-01,OH,Ohio,COM,commercial,9.23,3481.99159,cents per kilowatt-hour,million kilowatt hours,COM
2008-04-01,OH,Ohio,RES,residential,10.01,3450.70953,cents per kilowatt-hour,million kilowatt hours,RES
2008-05-01,OH,Ohio,RES,residential,10.79,3139.52942,cents per kilowatt-hour,million kilowatt hours,RES
2008-05-01,OH,Ohio,COM,commercial,9.4,3810.90636,cents per kilowatt-hour,million kilowatt hours,COM
2008-06-01,OH,Ohio,RES,residential,10.85,4328.78999,cents per kilowatt-hour,million kilowatt hours,RES
2008-06-01,OH,Ohio,COM,commercial,9.35,4266.34949,cents per kilowatt-hour,million kilowatt hours,COM
2008-07-01,OH,Ohio,COM,commercial,9.31,4494.07812,cents per kilowatt-hour,million kilowatt hours,COM
2008-07-01,OH,Ohio,RES,residential,10.88,5215.12196,cents per kilowatt-hour,million kilowatt hours,RES
2008-08-01,OH,Ohio,COM,commercial,9.32,4272.84212,cents per kilowatt-hour,million kilowatt hours,COM
2008-08-01,OH,Ohio,RES,residential,10.8,5018.7163,cents per kilowatt-hour,million kilowatt hours,RES
2008-09-01,OH,Ohio,RES,residential,10.63,3894.60566,cents per kilowatt-hour,million kilowatt hours,RES
2008-09-01,OH,Ohio,COM,commercial,9.37,3984.08428,cents per kilowatt-hour,million kilowatt hours,COM
2008-10-01,OH,Ohio,COM,commercial,9.56,3895.16657,cents per kilowatt-hour,million kilowatt hours,COM
2008-10-01,OH,Ohio,RES,residential,10.64,3363.94163,cents per kilowatt-hour,million kilowatt hours,RES
2008-11-01,OH,Ohio,COM,commercial,9.46,3565.10652,cents per kilowatt-hour,million kilowatt hours,COM
2008-11-01,OH,Ohio,RES,residential,10.21,3984.50458,cents per kilowatt-hour,million kilowatt hours,RES
2008-12-01,OH,Ohio,COM,commercial,9.17,3833.88302,cents per kilowatt-hour,million kilowatt hours,COM
2008-12-01,OH,Ohio,RES,residential,9.48,5521.81635,cents per kilowatt-hour,million kilowatt hours,RES
2009-01-01,OH,Ohio,COM,commercial,9.09,4070.65968,cents per kilowatt-hour,million kilowatt hours,COM
2009-01-01,OH,Ohio,RES,residential,9.4,6195.51166,cents per kilowatt-hour,million kilowatt hours,RES
2009-02-01,OH,Ohio,COM,commercial,9.4,3486.37511,cents per kilowatt-hour,million kilowatt hours,COM
2009-02-01,OH,Ohio,RES,residential,9.66,4770.10617,cents per kilowatt-hour,million kilowatt hours,RES
2009-03-01,OH,Ohio,COM,commercial,9.79,3733.77759,cents per kilowatt-hour,million kilowatt hours,COM
2009-03-01,OH,Ohio,RES,residential,10.32,4313.10175,cents per kilowatt-hour,million kilowatt hours,RES
2009-04-01,OH,Ohio,RES,residential,11,3422.97338,cents per kilowatt-hour,million kilowatt hours,RES
2009-04-01,OH,Ohio,COM,commercial,9.85,3433.74029,cents per kilowatt-hour,million kilowatt hours,COM
2009-05-01,OH,Ohio,RES,residential,11.27,3300.37584,cents per kilowatt-hour,million kilowatt hours,RES
2009-05-01,OH,Ohio,COM,commercial,10.04,3670.48548,cents per kilowatt-hour,million kilowatt hours,COM
2009-06-01,OH,Ohio,RES,residential,11.36,4091.13157,cents per kilowatt-hour,million kilowatt hours,RES
2009-06-01,OH,Ohio,COM,commercial,9.54,4160.57027,cents per kilowatt-hour,million kilowatt hours,COM
2009-07-01,OH,Ohio,RES,residential,11.49,4446.24013,cents per kilowatt-hour,million kilowatt hours,RES
2009-07-01,OH,Ohio,COM,commercial,9.92,3952.08181,cents per kilowatt-hour,million kilowatt hours,COM
2009-08-01,OH,Ohio,COM,commercial,9.84,4285.59678,cents per kilowatt-hour,million kilowatt hours,COM
2009-08-01,OH,Ohio,RES,residential,11.52,4817.90152,cents per kilowatt-hour,million kilowatt hours,RES
2009-09-01,OH,Ohio,RES,residential,11.15,3713.87348,cents per kilowatt-hour,million kilowatt hours,RES
2009-09-01,OH,Ohio,COM,commercial,9.8,3727.25687,cents per kilowatt-hour,million kilowatt hours,COM
2009-10-01,OH,Ohio,COM,commercial,9.67,3710.36903,cents per kilowatt-hour,million kilowatt hours,COM
2009-10-01,OH,Ohio,RES,residential,10.83,3514.87319,cents per kilowatt-hour,million kilowatt hours,RES
2009-11-01,OH,Ohio,COM,commercial,9.59,3308.93882,cents per kilowatt-hour,million kilowatt hours,COM
2009-11-01,OH,Ohio,RES,residential,10.65,3649.13532,cents per kilowatt-hour,million kilowatt hours,RES
2009-12-01,OH,Ohio,RES,residential,10.31,5169.93801,cents per kilowatt-hour,million kilowatt hours,RES
2009-12-01,OH,Ohio,COM,commercial,9.34,3829.89127,cents per kilowatt-hour,million kilowatt hours,COM
2010-01-01,OH,Ohio,RES,residential,10.28,5955.93894,cents per kilowatt-hour,million kilowatt hours,RES
2010-01-01,OH,Ohio,COM,commercial,9.59,3796.84382,cents per kilowatt-hour,million kilowatt hours,COM
2010-02-01,OH,Ohio,COM,commercial,9.61,3507.76805,cents per kilowatt-hour,million kilowatt hours,COM
2010-02-01,OH,Ohio,RES,residential,10.55,4956.02228,cents per kilowatt-hour,million kilowatt hours,RES
2010-03-01,OH,Ohio,RES,residential,10.67,4284.37153,cents per kilowatt-hour,million kilowatt hours,RES
2010-03-01,OH,Ohio,COM,commercial,9.9,3726.64184,cents per kilowatt-hour,million kilowatt hours,COM
2010-04-01,OH,Ohio,RES,residential,11.45,3146.0834,cents per kilowatt-hour,million kilowatt hours,RES
2010-04-01,OH,Ohio,COM,commercial,9.76,3419.02126,cents per kilowatt-hour,million kilowatt hours,COM
2010-05-01,OH,Ohio,RES,residential,11.82,3405.8378,cents per kilowatt-hour,million kilowatt hours,RES
2010-05-01,OH,Ohio,COM,commercial,9.86,3823.50448,cents per kilowatt-hour,million kilowatt hours,COM
2010-06-01,OH,Ohio,RES,residential,12.16,4632.88208,cents per kilowatt-hour,million kilowatt hours,RES
2010-06-01,OH,Ohio,COM,commercial,9.75,4298.52828,cents per kilowatt-hour,million kilowatt hours,COM
2010-07-01,OH,Ohio,RES,residential,11.95,5785.57899,cents per kilowatt-hour,million kilowatt hours,RES
2010-07-01,OH,Ohio,COM,commercial,9.64,4487.20291,cents per kilowatt-hour,million kilowatt hours,COM
2010-08-01,OH,Ohio,COM,commercial,9.67,4416.23028,cents per kilowatt-hour,million kilowatt hours,COM
2010-08-01,OH,Ohio,RES,residential,11.89,5719.20741,cents per kilowatt-hour,million kilowatt hours,RES
2010-09-01,OH,Ohio,COM,commercial,9.8,3820.75902,cents per kilowatt-hour,million kilowatt hours,COM
2010-09-01,OH,Ohio,RES,residential,11.78,4066.32502,cents per kilowatt-hour,million kilowatt hours,RES
2010-10-01,OH,Ohio,COM,commercial,9.99,3692.24807,cents per kilowatt-hour,million kilowatt hours,COM
2010-10-01,OH,Ohio,RES,residential,11.49,3330.98041,cents per kilowatt-hour,million kilowatt hours,RES
2010-11-01,OH,Ohio,COM,commercial,9.85,3584.40263,cents per kilowatt-hour,million kilowatt hours,COM
2010-11-01,OH,Ohio,RES,residential,11.48,3679.78352,cents per kilowatt-hour,million kilowatt hours,RES
2010-12-01,OH,Ohio,RES,residential,10.67,5511.36562,cents per kilowatt-hour,million kilowatt hours,RES
2010-12-01,OH,Ohio,COM,commercial,9.41,3952.47637,cents per kilowatt-hour,million kilowatt hours,COM
2011-01-01,OH,Ohio,COM,commercial,9.36,3949.3435,cents per kilowatt-hour,million kilowatt hours,COM
2011-01-01,OH,Ohio,RES,residential,10.04,6061.31182,cents per kilowatt-hour,million kilowatt hours,RES
2011-02-01,OH,Ohio,RES,residential,10.46,4723.78156,cents per kilowatt-hour,million kilowatt hours,RES
2011-02-01,OH,Ohio,COM,commercial,9.77,3561.53975,cents per kilowatt-hour,million kilowatt hours,COM
2011-03-01,OH,Ohio,COM,commercial,9.8,3878.59818,cents per kilowatt-hour,million kilowatt hours,COM
2011-03-01,OH,Ohio,RES,residential,10.96,4265.36667,cents per kilowatt-hour,million kilowatt hours,RES
2011-04-01,OH,Ohio,COM,commercial,9.83,3418.83844,cents per kilowatt-hour,million kilowatt hours,COM
2011-04-01,OH,Ohio,RES,residential,11.22,3427.47344,cents per kilowatt-hour,million kilowatt hours,RES
2011-05-01,OH,Ohio,COM,commercial,9.61,3961.16565,cents per kilowatt-hour,million kilowatt hours,COM
2011-05-01,OH,Ohio,RES,residential,11.58,3666.34083,cents per kilowatt-hour,million kilowatt hours,RES
2011-06-01,OH,Ohio,COM,commercial,9.7,4159.87558,cents per kilowatt-hour,million kilowatt hours,COM
2011-06-01,OH,Ohio,RES,residential,12.03,4421.2579,cents per kilowatt-hour,million kilowatt hours,RES
2011-07-01,OH,Ohio,COM,commercial,9.64,4760.07768,cents per kilowatt-hour,million kilowatt hours,COM
2011-07-01,OH,Ohio,RES,residential,12.33,5970.78673,cents per kilowatt-hour,million kilowatt hours,RES
2011-08-01,OH,Ohio,COM,commercial,9.74,4414.80874,cents per kilowatt-hour,million kilowatt hours,COM
2011-08-01,OH,Ohio,RES,residential,12.14,5511.5672,cents per kilowatt-hour,million kilowatt hours,RES
2011-09-01,OH,Ohio,COM,commercial,9.8,3854.61754,cents per kilowatt-hour,million kilowatt hours,COM
2011-09-01,OH,Ohio,RES,residential,12.07,3898.35326,cents per kilowatt-hour,million kilowatt hours,RES
2011-10-01,OH,Ohio,COM,commercial,9.54,3807.7496,cents per kilowatt-hour,million kilowatt hours,COM
2011-10-01,OH,Ohio,RES,residential,11.97,3201.72155,cents per kilowatt-hour,million kilowatt hours,RES
2011-11-01,OH,Ohio,COM,commercial,9.48,3554.58427,cents per kilowatt-hour,million kilowatt hours,COM
2011-11-01,OH,Ohio,RES,residential,11.7,3647.61845,cents per kilowatt-hour,million kilowatt hours,RES
2011-12-01,OH,Ohio,COM,commercial,9.25,3790.56408,cents per kilowatt-hour,million kilowatt hours,COM
2011-12-01,OH,Ohio,RES,residential,10.95,4891.53161,cents per kilowatt-hour,million kilowatt hours,RES
2012-01-01,OH,Ohio,COM,commercial,9.52,3816.63711,cents per kilowatt-hour,million kilowatt hours,COM
2012-01-01,OH,Ohio,RES,residential,11.08,5327.31975,cents per kilowatt-hour,million kilowatt hours,RES
2012-02-01,OH,Ohio,RES,residential,11.04,4376.05476,cents per kilowatt-hour,million kilowatt hours,RES
2012-02-01,OH,Ohio,COM,commercial,9.68,3591.20699,cents per kilowatt-hour,million kilowatt hours,COM
2012-03-01,OH,Ohio,COM,commercial,9.49,3660.92096,cents per kilowatt-hour,million kilowatt hours,COM
2012-03-01,OH,Ohio,RES,residential,11.35,3784.87747,cents per kilowatt-hour,million kilowatt hours,RES
2012-04-01,OH,Ohio,RES,residential,11.93,3107.40281,cents per kilowatt-hour,million kilowatt hours,RES
2012-04-01,OH,Ohio,COM,commercial,9.59,3479.67576,cents per kilowatt-hour,million kilowatt hours,COM
2012-05-01,OH,Ohio,RES,residential,11.85,3693.71324,cents per kilowatt-hour,million kilowatt hours,RES
2012-05-01,OH,Ohio,COM,commercial,9.43,4078.26679,cents per kilowatt-hour,million kilowatt hours,COM
2012-06-01,OH,Ohio,COM,commercial,9.28,4173.82612,cents per kilowatt-hour,million kilowatt hours,COM
2012-06-01,OH,Ohio,RES,residential,12.24,4569.853,cents per kilowatt-hour,million kilowatt hours,RES
2012-07-01,OH,Ohio,COM,commercial,9.33,4703.78647,cents per kilowatt-hour,million kilowatt hours,COM
2012-07-01,OH,Ohio,RES,residential,12.16,6000.43971,cents per kilowatt-hour,million kilowatt hours,RES
2012-08-01,OH,Ohio,COM,commercial,9.37,4395.76969,cents per kilowatt-hour,million kilowatt hours,COM
2012-08-01,OH,Ohio,RES,residential,12.14,5472.22784,cents per kilowatt-hour,million kilowatt hours,RES
2012-09-01,OH,Ohio,RES,residential,12.27,3720.96657,cents per kilowatt-hour,million kilowatt hours,RES
2012-09-01,OH,Ohio,COM,commercial,9.54,3804.13316,cents per kilowatt-hour,million kilowatt hours,COM
2012-10-01,OH,Ohio,COM,commercial,9.59,3854.92201,cents per kilowatt-hour,million kilowatt hours,COM
2012-10-01,OH,Ohio,RES,residential,12.06,3320.17965,cents per kilowatt-hour,million kilowatt hours,RES
2012-11-01,OH,Ohio,RES,residential,11.67,3990.08926,cents per kilowatt-hour,million kilowatt hours,RES
2012-11-01,OH,Ohio,COM,commercial,9.59,3518.01517,cents per kilowatt-hour,million kilowatt hours,COM
2012-12-01,OH,Ohio,COM,commercial,9.33,3678.72181,cents per kilowatt-hour,million kilowatt hours,COM
2012-12-01,OH,Ohio,RES,residential,11.39,4924.64498,cents per kilowatt-hour,million kilowatt hours,RES
2013-01-01,OH,Ohio,COM,commercial,9.2,3862.82129,cents per kilowatt-hour,million kilowatt hours,COM
2013-01-01,OH,Ohio,RES,residential,11.11,5112.7054,cents per kilowatt-hour,million kilowatt hours,RES
2013-02-01,OH,Ohio,RES,residential,11.12,4585.79448,cents per kilowatt-hour,million kilowatt hours,RES
2013-02-01,OH,Ohio,COM,commercial,9.18,3553.59851,cents per kilowatt-hour,million kilowatt hours,COM
2013-03-01,OH,Ohio,RES,residential,11.39,4797.565,cents per kilowatt-hour,million kilowatt hours,RES
2013-03-01,OH,Ohio,COM,commercial,9.37,3850.23316,cents per kilowatt-hour,million kilowatt hours,COM
2013-04-01,OH,Ohio,COM,commercial,9.49,3423.5221,cents per kilowatt-hour,million kilowatt hours,COM
2013-04-01,OH,Ohio,RES,residential,11.79,3555.53432,cents per kilowatt-hour,million kilowatt hours,RES
2013-05-01,OH,Ohio,COM,commercial,9.42,3944.99132,cents per kilowatt-hour,million kilowatt hours,COM
2013-05-01,OH,Ohio,RES,residential,12.49,3568.18861,cents per kilowatt-hour,million kilowatt hours,RES
2013-06-01,OH,Ohio,COM,commercial,9.55,4076.91678,cents per kilowatt-hour,million kilowatt hours,COM
2013-06-01,OH,Ohio,RES,residential,13.06,4102.50391,cents per kilowatt-hour,million kilowatt hours,RES
2013-07-01,OH,Ohio,RES,residential,12.98,5117.19613,cents per kilowatt-hour,million kilowatt hours,RES
2013-07-01,OH,Ohio,COM,commercial,9.39,4405.52151,cents per kilowatt-hour,million kilowatt hours,COM
2013-08-01,OH,Ohio,RES,residential,12.83,4696.42118,cents per kilowatt-hour,million kilowatt hours,RES
2013-08-01,OH,Ohio,COM,commercial,9.45,4322.30338,cents per kilowatt-hour,million kilowatt hours,COM
2013-09-01,OH,Ohio,RES,residential,12.33,3917.70226,cents per kilowatt-hour,million kilowatt hours,RES
2013-09-01,OH,Ohio,COM,commercial,9.4,3909.48178,cents per kilowatt-hour,million kilowatt hours,COM
2013-10-01,OH,Ohio,RES,residential,12.09,3471.38749,cents per kilowatt-hour,million kilowatt hours,RES
2013-10-01,OH,Ohio,COM,commercial,9.33,3907.66459,cents per kilowatt-hour,million kilowatt hours,COM
2013-11-01,OH,Ohio,RES,residential,11.97,4031.95543,cents per kilowatt-hour,million kilowatt hours,RES
2013-11-01,OH,Ohio,COM,commercial,9.32,3638.29954,cents per kilowatt-hour,million kilowatt hours,COM
2013-12-01,OH,Ohio,COM,commercial,9.06,3822.50507,cents per kilowatt-hour,million kilowatt hours,COM
2013-12-01,OH,Ohio,RES,residential,11.3,5201.13978,cents per kilowatt-hour,million kilowatt hours,RES
2014-01-01,OH,Ohio,COM,commercial,9.33,4181.11624,cents per kilowatt-hour,million kilowatt hours,COM
2014-01-01,OH,Ohio,RES,residential,11.08,6059.92163,cents per kilowatt-hour,million kilowatt hours,RES
2014-02-01,OH,Ohio,RES,residential,11.18,5374.86746,cents per kilowatt-hour,million kilowatt hours,RES
2014-02-01,OH,Ohio,COM,commercial,9.78,3734.70322,cents per kilowatt-hour,million kilowatt hours,COM
2014-03-01,OH,Ohio,RES,residential,11.66,4835.28194,cents per kilowatt-hour,million kilowatt hours,RES
2014-03-01,OH,Ohio,COM,commercial,9.74,3838.35023,cents per kilowatt-hour,million kilowatt hours,COM
2014-04-01,OH,Ohio,COM,commercial,9.88,3441.35971,cents per kilowatt-hour,million kilowatt hours,COM
2014-04-01,OH,Ohio,RES,residential,12.53,3399.03887,cents per kilowatt-hour,million kilowatt hours,RES
2014-05-01,OH,Ohio,COM,commercial,9.65,3859.79645,cents per kilowatt-hour,million kilowatt hours,COM
2014-05-01,OH,Ohio,RES,residential,13.01,3438.60205,cents per kilowatt-hour,million kilowatt hours,RES
2014-06-01,OH,Ohio,COM,commercial,9.96,4228.43824,cents per kilowatt-hour,million kilowatt hours,COM
2014-06-01,OH,Ohio,RES,residential,13.64,4250.83578,cents per kilowatt-hour,million kilowatt hours,RES
2014-07-01,OH,Ohio,COM,commercial,9.99,4219.58991,cents per kilowatt-hour,million kilowatt hours,COM
2014-07-01,OH,Ohio,RES,residential,13.56,4631.92873,cents per kilowatt-hour,million kilowatt hours,RES
2014-08-01,OH,Ohio,RES,residential,13.61,4585.37369,cents per kilowatt-hour,million kilowatt hours,RES
2014-08-01,OH,Ohio,COM,commercial,9.89,4289.45237,cents per kilowatt-hour,million kilowatt hours,COM
2014-09-01,OH,Ohio,RES,residential,12.39,3807.8886,cents per kilowatt-hour,million kilowatt hours,RES
2014-09-01,OH,Ohio,COM,commercial,9.67,3881.92352,cents per kilowatt-hour,million kilowatt hours,COM
2014-10-01,OH,Ohio,RES,residential,13.12,3313.90539,cents per kilowatt-hour,million kilowatt hours,RES
2014-10-01,OH,Ohio,COM,commercial,10,3849.00916,cents per kilowatt-hour,million kilowatt hours,COM
2014-11-01,OH,Ohio,RES,residential,12.89,4094.60202,cents per kilowatt-hour,million kilowatt hours,RES
2014-11-01,OH,Ohio,COM,commercial,10.07,3686.92668,cents per kilowatt-hour,million kilowatt hours,COM
2014-12-01,OH,Ohio,COM,commercial,9.95,3793.92827,cents per kilowatt-hour,million kilowatt hours,COM
2014-12-01,OH,Ohio,RES,residential,12.43,5012.08787,cents per kilowatt-hour,million kilowatt hours,RES
2015-01-01,OH,Ohio,RES,residential,12.22,5607.42936,cents per kilowatt-hour,million kilowatt hours,RES
2015-01-01,OH,Ohio,COM,commercial,9.67,4067.8972,cents per kilowatt-hour,million kilowatt hours,COM
2015-02-01,OH,Ohio,RES,residential,12.2,5410.86864,cents per kilowatt-hour,million kilowatt hours,RES
2015-02-01,OH,Ohio,COM,commercial,9.89,3866.39089,cents per kilowatt-hour,million kilowatt hours,COM
2015-03-01,OH,Ohio,RES,residential,12.33,4673.67084,cents per kilowatt-hour,million kilowatt hours,RES
2015-03-01,OH,Ohio,COM,commercial,10.08,3845.22829,cents per kilowatt-hour,million kilowatt hours,COM
2015-04-01,OH,Ohio,COM,commercial,10.13,3520.33868,cents per kilowatt-hour,million kilowatt hours,COM
2015-04-01,OH,Ohio,RES,residential,12.73,3271.53774,cents per kilowatt-hour,million kilowatt hours,RES
2015-05-01,OH,Ohio,COM,commercial,9.97,3960.30873,cents per kilowatt-hour,million kilowatt hours,COM
2015-05-01,OH,Ohio,RES,residential,13.06,3535.54008,cents per kilowatt-hour,million kilowatt hours,RES
2015-06-01,OH,Ohio,COM,commercial,10.2,4094.15182,cents per kilowatt-hour,million kilowatt hours,COM
2015-06-01,OH,Ohio,RES,residential,13.18,4196.41135,cents per kilowatt-hour,million kilowatt hours,RES
2015-07-01,OH,Ohio,RES,residential,13.42,4894.48076,cents per kilowatt-hour,million kilowatt hours,RES
2015-07-01,OH,Ohio,COM,commercial,10.27,4395.7703,cents per kilowatt-hour,million kilowatt hours,COM
2015-08-01,OH,Ohio,RES,residential,13.23,4896.65087,cents per kilowatt-hour,million kilowatt hours,RES
2015-08-01,OH,Ohio,COM,commercial,10.06,4288.17368,cents per kilowatt-hour,million kilowatt hours,COM
2015-09-01,OH,Ohio,COM,commercial,10.19,4088.07855,cents per kilowatt-hour,million kilowatt hours,COM
2015-09-01,OH,Ohio,RES,residential,12.71,4148.20013,cents per kilowatt-hour,million kilowatt hours,RES
2015-10-01,OH,Ohio,RES,residential,13.03,3208.182,cents per kilowatt-hour,million kilowatt hours,RES
2015-10-01,OH,Ohio,COM,commercial,10.15,3767.2776,cents per kilowatt-hour,million kilowatt hours,COM
2015-11-01,OH,Ohio,COM,commercial,10.22,3579.47721,cents per kilowatt-hour,million kilowatt hours,COM
2015-11-01,OH,Ohio,RES,residential,13.11,3467.46115,cents per kilowatt-hour,million kilowatt hours,RES
2015-12-01,OH,Ohio,COM,commercial,9.95,3650.83005,cents per kilowatt-hour,million kilowatt hours,COM
2015-12-01,OH,Ohio,RES,residential,12.74,4182.52106,cents per kilowatt-hour,million kilowatt hours,RES
2016-01-01,OH,Ohio,COM,commercial,9.74,3925.91217,cents per kilowatt-hour,million kilowatt hours,COM
2016-01-01,OH,Ohio,RES,residential,12.22,5232.30297,cents per kilowatt-hour,million kilowatt hours,RES
2016-02-01,OH,Ohio,COM,commercial,9.98,3661.32586,cents per kilowatt-hour,million kilowatt hours,COM
2016-02-01,OH,Ohio,RES,residential,12.23,4610.99576,cents per kilowatt-hour,million kilowatt hours,RES
2016-03-01,OH,Ohio,RES,residential,12.66,3863.28946,cents per kilowatt-hour,million kilowatt hours,RES
2016-03-01,OH,Ohio,COM,commercial,9.96,3740.2559,cents per kilowatt-hour,million kilowatt hours,COM
2016-04-01,OH,Ohio,RES,residential,12.93,3350.44869,cents per kilowatt-hour,million kilowatt hours,RES
2016-04-01,OH,Ohio,COM,commercial,10.03,3523.65749,cents per kilowatt-hour,million kilowatt hours,COM
2016-05-01,OH,Ohio,COM,commercial,10,3899.86583,cents per kilowatt-hour,million kilowatt hours,COM
2016-05-01,OH,Ohio,RES,residential,13.19,3373.84497,cents per kilowatt-hour,million kilowatt hours,RES
2016-06-01,OH,Ohio,RES,residential,12.66,4367.01257,cents per kilowatt-hour,million kilowatt hours,RES
2016-06-01,OH,Ohio,COM,commercial,9.93,4157.5611,cents per kilowatt-hour,million kilowatt hours,COM
2016-07-01,OH,Ohio,COM,commercial,9.74,4567.10203,cents per kilowatt-hour,million kilowatt hours,COM
2016-07-01,OH,Ohio,RES,residential,12.45,5600.66858,cents per kilowatt-hour,million kilowatt hours,RES
2016-08-01,OH,Ohio,COM,commercial,9.91,4720.64016,cents per kilowatt-hour,million kilowatt hours,COM
2016-08-01,OH,Ohio,RES,residential,12.4,5917.35261,cents per kilowatt-hour,million kilowatt hours,RES
2016-09-01,OH,Ohio,COM,commercial,10.12,4172.27073,cents per kilowatt-hour,million kilowatt hours,COM
2016-09-01,OH,Ohio,RES,residential,12.13,4484.56736,cents per kilowatt-hour,million kilowatt hours,RES
2016-10-01,OH,Ohio,RES,residential,12.52,3244.31217,cents per kilowatt-hour,million kilowatt hours,RES
2016-10-01,OH,Ohio,COM,commercial,10.22,3842.47748,cents per kilowatt-hour,million kilowatt hours,COM
2016-11-01,OH,Ohio,COM,commercial,10.14,3641.71755,cents per kilowatt-hour,million kilowatt hours,COM
2016-11-01,OH,Ohio,RES,residential,12.42,3470.67133,cents per kilowatt-hour,million kilowatt hours,RES
2016-12-01,OH,Ohio,COM,commercial,9.99,3889.4827,cents per kilowatt-hour,million kilowatt hours,COM
2016-12-01,OH,Ohio,RES,residential,12.28,5008.67456,cents per kilowatt-hour,million kilowatt hours,RES
2017-01-01,OH,Ohio,RES,residential,11.81,5001.33159,cents per kilowatt-hour,million kilowatt hours,RES
2017-01-01,OH,Ohio,COM,commercial,9.78,3817.22358,cents per kilowatt-hour,million kilowatt hours,COM
2017-02-01,OH,Ohio,RES,residential,12.43,3878.06131,cents per kilowatt-hour,million kilowatt hours,RES
2017-02-01,OH,Ohio,COM,commercial,10.08,3433.96285,cents per kilowatt-hour,million kilowatt hours,COM
2017-03-01,OH,Ohio,COM,commercial,10.15,3857.3724,cents per kilowatt-hour,million kilowatt hours,COM
2017-03-01,OH,Ohio,RES,residential,12.59,4117.80294,cents per kilowatt-hour,million kilowatt hours,RES
2017-04-01,OH,Ohio,COM,commercial,10.36,3418.12128,cents per kilowatt-hour,million kilowatt hours,COM
2017-04-01,OH,Ohio,RES,residential,12.79,3233.37225,cents per kilowatt-hour,million kilowatt hours,RES
2017-05-01,OH,Ohio,RES,residential,12.84,3304.98583,cents per kilowatt-hour,million kilowatt hours,RES
2017-05-01,OH,Ohio,COM,commercial,10.18,3817.96086,cents per kilowatt-hour,million kilowatt hours,COM
2017-06-01,OH,Ohio,RES,residential,12.93,4225.28641,cents per kilowatt-hour,million kilowatt hours,RES
2017-06-01,OH,Ohio,COM,commercial,9.97,4104.78204,cents per kilowatt-hour,million kilowatt hours,COM
2017-07-01,OH,Ohio,COM,commercial,9.81,4362.89144,cents per kilowatt-hour,million kilowatt hours,COM
2017-07-01,OH,Ohio,RES,residential,12.84,5211.80031,cents per kilowatt-hour,million kilowatt hours,RES
2017-08-01,OH,Ohio,RES,residential,12.87,4708.31534,cents per kilowatt-hour,million kilowatt hours,RES
2017-08-01,OH,Ohio,COM,commercial,10.14,4197.76152,cents per kilowatt-hour,million kilowatt hours,COM
2017-09-01,OH,Ohio,COM,commercial,10.11,3932.79229,cents per kilowatt-hour,million kilowatt hours,COM
2017-09-01,OH,Ohio,RES,residential,12.95,3779.41009,cents per kilowatt-hour,million kilowatt hours,RES
2017-10-01,OH,Ohio,COM,commercial,10.27,3736.6223,cents per kilowatt-hour,million kilowatt hours,COM
2017-10-01,OH,Ohio,RES,residential,12.81,3380.88679,cents per kilowatt-hour,million kilowatt hours,RES
2017-11-01,OH,Ohio,RES,residential,12.71,3803.93619,cents per kilowatt-hour,million kilowatt hours,RES
2017-11-01,OH,Ohio,COM,commercial,10.1,3687.03994,cents per kilowatt-hour,million kilowatt hours,COM
2017-12-01,OH,Ohio,RES,residential,12.24,5150.35097,cents per kilowatt-hour,million kilowatt hours,RES
2017-12-01,OH,Ohio,COM,commercial,9.75,3791.86853,cents per kilowatt-hour,million kilowatt hours,COM
2018-01-01,OH,Ohio,COM,commercial,9.74,4053.49914,cents per kilowatt-hour,million kilowatt hours,COM
2018-01-01,OH,Ohio,RES,residential,12.04,5789.18043,cents per kilowatt-hour,million kilowatt hours,RES
2018-02-01,OH,Ohio,COM,commercial,10.51,3507.85216,cents per kilowatt-hour,million kilowatt hours,COM
2018-02-01,OH,Ohio,RES,residential,12.52,4379.08707,cents per kilowatt-hour,million kilowatt hours,RES
2018-03-01,OH,Ohio,RES,residential,12.74,4257.23526,cents per kilowatt-hour,million kilowatt hours,RES
2018-03-01,OH,Ohio,COM,commercial,10.15,3803.69455,cents per kilowatt-hour,million kilowatt hours,COM
2018-04-01,OH,Ohio,RES,residential,12.86,3739.00742,cents per kilowatt-hour,million kilowatt hours,RES
2018-04-01,OH,Ohio,COM,commercial,10.28,3441.73261,cents per kilowatt-hour,million kilowatt hours,COM
2018-05-01,OH,Ohio,RES,residential,13,3783.85647,cents per kilowatt-hour,million kilowatt hours,RES
2018-05-01,OH,Ohio,COM,commercial,10.2,4052.53024,cents per kilowatt-hour,million kilowatt hours,COM
2018-06-01,OH,Ohio,COM,commercial,10.14,4130.90537,cents per kilowatt-hour,million kilowatt hours,COM
2018-06-01,OH,Ohio,RES,residential,12.84,4580.01301,cents per kilowatt-hour,million kilowatt hours,RES
2018-07-01,OH,Ohio,COM,commercial,10.02,4393.56783,cents per kilowatt-hour,million kilowatt hours,COM
2018-07-01,OH,Ohio,RES,residential,12.91,5473.55409,cents per kilowatt-hour,million kilowatt hours,RES
2018-08-01,OH,Ohio,RES,residential,12.9,5243.75376,cents per kilowatt-hour,million kilowatt hours,RES
2018-08-01,OH,Ohio,COM,commercial,9.9,4517.59483,cents per kilowatt-hour,million kilowatt hours,COM
2018-09-01,OH,Ohio,RES,residential,11.63,4536.70912,cents per kilowatt-hour,million kilowatt hours,RES
2018-09-01,OH,Ohio,COM,commercial,10.07,4018.39835,cents per kilowatt-hour,million kilowatt hours,COM
2018-10-01,OH,Ohio,RES,residential,12.71,3772.1246,cents per kilowatt-hour,million kilowatt hours,RES
2018-10-01,OH,Ohio,COM,commercial,10.29,3991.18551,cents per kilowatt-hour,million kilowatt hours,COM
2018-11-01,OH,Ohio,RES,residential,12.57,4115.42113,cents per kilowatt-hour,million kilowatt hours,RES
2018-11-01,OH,Ohio,COM,commercial,10.21,3609.95258,cents per kilowatt-hour,million kilowatt hours,COM
2018-12-01,OH,Ohio,RES,residential,12.21,4781.77164,cents per kilowatt-hour,million kilowatt hours,RES
2018-12-01,OH,Ohio,COM,commercial,9.86,3670.62687,cents per kilowatt-hour,million kilowatt hours,COM
2019-01-01,OH,Ohio,COM,commercial,9.87,3907.59307,cents per kilowatt-hour,million kilowatt hours,COM
2019-01-01,OH,Ohio,RES,residential,12.18,5244.71308,cents per kilowatt-hour,million kilowatt hours,RES
2019-02-01,OH,Ohio,RES,residential,12.1,4559.70173,cents per kilowatt-hour,million kilowatt hours,RES
2019-02-01,OH,Ohio,COM,commercial,10.19,3467.80987,cents per kilowatt-hour,million kilowatt hours,COM
2019-03-01,OH,Ohio,RES,residential,12.34,4569.21719,cents per kilowatt-hour,million kilowatt hours,RES
2019-03-01,OH,Ohio,COM,commercial,10.14,3800.46987,cents per kilowatt-hour,million kilowatt hours,COM
2019-04-01,OH,Ohio,RES,residential,12.7,3262.67342,cents per kilowatt-hour,million kilowatt hours,RES
2019-04-01,OH,Ohio,COM,commercial,10.14,3360.42129,cents per kilowatt-hour,million kilowatt hours,COM
2019-05-01,OH,Ohio,COM,commercial,9.96,3759.97848,cents per kilowatt-hour,million kilowatt hours,COM
2019-05-01,OH,Ohio,RES,residential,13.13,3295.59049,cents per kilowatt-hour,million kilowatt hours,RES
2019-06-01,OH,Ohio,COM,commercial,9.85,3855.42356,cents per kilowatt-hour,million kilowatt hours,COM
2019-06-01,OH,Ohio,RES,residential,12.93,3995.41517,cents per kilowatt-hour,million kilowatt hours,RES
2019-07-01,OH,Ohio,COM,commercial,9.52,4630.2975,cents per kilowatt-hour,million kilowatt hours,COM
2019-07-01,OH,Ohio,RES,residential,12.55,5804.00144,cents per kilowatt-hour,million kilowatt hours,RES
2019-08-01,OH,Ohio,COM,commercial,9.46,4202.44344,cents per kilowatt-hour,million kilowatt hours,COM
2019-08-01,OH,Ohio,RES,residential,12.67,5074.13915,cents per kilowatt-hour,million kilowatt hours,RES
2019-09-01,OH,Ohio,RES,residential,12.08,4331.73615,cents per kilowatt-hour,million kilowatt hours,RES
2019-09-01,OH,Ohio,COM,commercial,9.43,4045.18714,cents per kilowatt-hour,million kilowatt hours,COM
2019-10-01,OH,Ohio,COM,commercial,9.43,3738.31582,cents per kilowatt-hour,million kilowatt hours,COM
2019-10-01,OH,Ohio,RES,residential,12.06,3442.82514,cents per kilowatt-hour,million kilowatt hours,RES
2019-11-01,OH,Ohio,COM,commercial,9.63,3625.50967,cents per kilowatt-hour,million kilowatt hours,COM
2019-11-01,OH,Ohio,RES,residential,12.21,3967.50936,cents per kilowatt-hour,million kilowatt hours,RES
2019-12-01,OH,Ohio,COM,commercial,9.11,3615.48733,cents per kilowatt-hour,million kilowatt hours,COM
2019-12-01,OH,Ohio,RES,residential,11.8,4678.57469,cents per kilowatt-hour,million kilowatt hours,RES
2020-01-01,OH,Ohio,RES,residential,11.96,4749.41013,cents per kilowatt-hour,million kilowatt hours,RES
2020-01-01,OH,Ohio,COM,commercial,9.26,3737.59262,cents per kilowatt-hour,million kilowatt hours,COM
2020-02-01,OH,Ohio,COM,commercial,9.1,3700.50631,cents per kilowatt-hour,million kilowatt hours,COM
2020-02-01,OH,Ohio,RES,residential,11.82,4605.23602,cents per kilowatt-hour,million kilowatt hours,RES
2020-03-01,OH,Ohio,COM,commercial,9.54,3390.49685,cents per kilowatt-hour,million kilowatt hours,COM
2020-03-01,OH,Ohio,RES,residential,12.16,3793.78028,cents per kilowatt-hour,million kilowatt hours,RES
2020-04-01,OH,Ohio,COM,commercial,9.9,2979.36106,cents per kilowatt-hour,million kilowatt hours,COM
2020-04-01,OH,Ohio,RES,residential,12.63,3608.28517,cents per kilowatt-hour,million kilowatt hours,RES
2020-05-01,OH,Ohio,COM,commercial,9.73,3161.75612,cents per kilowatt-hour,million kilowatt hours,COM
2020-05-01,OH,Ohio,RES,residential,12.6,3695.77475,cents per kilowatt-hour,million kilowatt hours,RES
2020-06-01,OH,Ohio,COM,commercial,9.58,3697.31058,cents per kilowatt-hour,million kilowatt hours,COM
2020-06-01,OH,Ohio,RES,residential,12.23,4604.7729,cents per kilowatt-hour,million kilowatt hours,RES
2020-07-01,OH,Ohio,RES,residential,12.26,6109.66929,cents per kilowatt-hour,million kilowatt hours,RES
2020-07-01,OH,Ohio,COM,commercial,9.17,4360.72267,cents per kilowatt-hour,million kilowatt hours,COM
2020-08-01,OH,Ohio,RES,residential,12.27,5299.60404,cents per kilowatt-hour,million kilowatt hours,RES
2020-08-01,OH,Ohio,COM,commercial,9.48,4023.04372,cents per kilowatt-hour,million kilowatt hours,COM
2020-09-01,OH,Ohio,RES,residential,12.34,4042.59775,cents per kilowatt-hour,million kilowatt hours,RES
2020-09-01,OH,Ohio,COM,commercial,9.91,3578.44169,cents per kilowatt-hour,million kilowatt hours,COM
2020-10-01,OH,Ohio,COM,commercial,9.82,3604.43015,cents per kilowatt-hour,million kilowatt hours,COM
2020-10-01,OH,Ohio,RES,residential,13,3485.84825,cents per kilowatt-hour,million kilowatt hours,RES
2020-11-01,OH,Ohio,COM,commercial,9.82,3325.00444,cents per kilowatt-hour,million kilowatt hours,COM
2020-11-01,OH,Ohio,RES,residential,12.57,3595.28166,cents per kilowatt-hour,million kilowatt hours,RES
2020-12-01,OH,Ohio,COM,commercial,9.23,3645.49883,cents per kilowatt-hour,million kilowatt hours,COM
2020-12-01,OH,Ohio,RES,residential,12.01,4962.50976,cents per kilowatt-hour,million kilowatt hours,RES
2021-01-01,OH,Ohio,COM,commercial,9,3553.02813,cents per kilowatt-hour,million kilowatt hours,COM
2021-01-01,OH,Ohio,RES,residential,11.81,5221.73307,cents per kilowatt-hour,million kilowatt hours,RES
2021-02-01,OH,Ohio,RES,residential,11.64,5062.77565,cents per kilowatt-hour,million kilowatt hours,RES
2021-02-01,OH,Ohio,COM,commercial,9.36,3535.41775,cents per kilowatt-hour,million kilowatt hours,COM
2021-03-01,OH,Ohio,RES,residential,12.38,4102.8248,cents per kilowatt-hour,million kilowatt hours,RES
2021-03-01,OH,Ohio,COM,commercial,9.73,3481.27626,cents per kilowatt-hour,million kilowatt hours,COM
2021-04-01,OH,Ohio,RES,residential,13.11,3421.18931,cents per kilowatt-hour,million kilowatt hours,RES
2021-04-01,OH,Ohio,COM,commercial,9.73,3351.9403,cents per kilowatt-hour,million kilowatt hours,COM
2021-05-01,OH,Ohio,RES,residential,12.99,3556.957,cents per kilowatt-hour,million kilowatt hours,RES
2021-05-01,OH,Ohio,COM,commercial,9.73,3629.6176,cents per kilowatt-hour,million kilowatt hours,COM
2021-06-01,OH,Ohio,RES,residential,13.31,4634.21349,cents per kilowatt-hour,million kilowatt hours,RES
2021-06-01,OH,Ohio,COM,commercial,9.83,3924.8206,cents per kilowatt-hour,million kilowatt hours,COM
2021-07-01,OH,Ohio,RES,residential,13.08,5301.08258,cents per kilowatt-hour,million kilowatt hours,RES
2021-07-01,OH,Ohio,COM,commercial,9.67,4302.50895,cents per kilowatt-hour,million kilowatt hours,COM
2021-08-01,OH,Ohio,COM,commercial,9.66,4398.34476,cents per kilowatt-hour,million kilowatt hours,COM
2021-08-01,OH,Ohio,RES,residential,13.03,5654.16228,cents per kilowatt-hour,million kilowatt hours,RES
2021-09-01,OH,Ohio,COM,commercial,10.02,3852.69212,cents per kilowatt-hour,million kilowatt hours,COM
2021-09-01,OH,Ohio,RES,residential,13.14,4263.11201,cents per kilowatt-hour,million kilowatt hours,RES
2021-10-01,OH,Ohio,COM,commercial,10.14,3810.24678,cents per kilowatt-hour,million kilowatt hours,COM
2021-10-01,OH,Ohio,RES,residential,13.28,3605.38141,cents per kilowatt-hour,million kilowatt hours,RES
2021-11-01,OH,Ohio,RES,residential,13.06,3869.87038,cents per kilowatt-hour,million kilowatt hours,RES
2021-11-01,OH,Ohio,COM,commercial,10.27,3527.22427,cents per kilowatt-hour,million kilowatt hours,COM
2021-12-01,OH,Ohio,RES,residential,12.81,4477.891,cents per kilowatt-hour,million kilowatt hours,RES
2021-12-01,OH,Ohio,COM,commercial,9.85,3613.33447,cents per kilowatt-hour,million kilowatt hours,COM
2022-01-01,OH,Ohio,COM,commercial,9.6,3871.98864,cents per kilowatt-hour,million kilowatt hours,COM
2022-01-01,OH,Ohio,RES,residential,12.4,5465.41092,cents per kilowatt-hour,million kilowatt hours,RES
2022-02-01,OH,Ohio,COM,commercial,10.07,3476.90583,cents per kilowatt-hour,million kilowatt hours,COM
2022-02-01,OH,Ohio,RES,residential,12.52,4800.49727,cents per kilowatt-hour,million kilowatt hours,RES
2022-03-01,OH,Ohio,RES,residential,12.72,4270.12149,cents per kilowatt-hour,million kilowatt hours,RES
2022-03-01,OH,Ohio,COM,commercial,9.9,3740.81081,cents per kilowatt-hour,million kilowatt hours,COM
2022-04-01,OH,Ohio,COM,commercial,10.28,3377.22967,cents per kilowatt-hour,million kilowatt hours,COM
2022-04-01,OH,Ohio,RES,residential,13.01,3529.99811,cents per kilowatt-hour,million kilowatt hours,RES
2022-05-01,OH,Ohio,COM,commercial,10.39,3716.30618,cents per kilowatt-hour,million kilowatt hours,COM
2022-05-01,OH,Ohio,RES,residential,13.54,3624.03756,cents per kilowatt-hour,million kilowatt hours,RES
2022-06-01,OH,Ohio,RES,residential,14.15,4678.33579,cents per kilowatt-hour,million kilowatt hours,RES
2022-06-01,OH,Ohio,COM,commercial,10.75,3959.34657,cents per kilowatt-hour,million kilowatt hours,COM
2022-07-01,OH,Ohio,COM,commercial,10.61,4459.51733,cents per kilowatt-hour,million kilowatt hours,COM
2022-07-01,OH,Ohio,RES,residential,14.66,5632.20432,cents per kilowatt-hour,million kilowatt hours,RES
2022-08-01,OH,Ohio,RES,residential,14.87,5284.98534,cents per kilowatt-hour,million kilowatt hours,RES
2022-08-01,OH,Ohio,COM,commercial,10.74,4409.21796,cents per kilowatt-hour,million kilowatt hours,COM
2022-09-01,OH,Ohio,COM,commercial,10.69,3925.07015,cents per kilowatt-hour,million kilowatt hours,COM
2022-09-01,OH,Ohio,RES,residential,14.94,3992.805,cents per kilowatt-hour,million kilowatt hours,RES
2022-10-01,OH,Ohio,COM,commercial,10.82,3575.59359,cents per kilowatt-hour,million kilowatt hours,COM
2022-10-01,OH,Ohio,RES,residential,15.08,3300.51906,cents per kilowatt-hour,million kilowatt hours,RES
2022-11-01,OH,Ohio,RES,residential,14.63,3762.4709,cents per kilowatt-hour,million kilowatt hours,RES
2022-11-01,OH,Ohio,COM,commercial,10.61,3674.72693,cents per kilowatt-hour,million kilowatt hours,COM
2022-12-01,OH,Ohio,COM,commercial,10.14,3904.08933,cents per kilowatt-hour,million kilowatt hours,COM
2022-12-01,OH,Ohio,RES,residential,13.97,4970.83025,cents per kilowatt-hour,million kilowatt hours,RES
2023-01-01,OH,Ohio,RES,residential,14.3,4884.91576,cents per kilowatt-hour,million kilowatt hours,RES
2023-01-01,OH,Ohio,COM,commercial,10.47,3745.86355,cents per kilowatt-hour,million kilowatt hours,COM
2023-02-01,OH,Ohio,RES,residential,14.62,4032.34019,cents per kilowatt-hour,million kilowatt hours,RES
2023-02-01,OH,Ohio,COM,commercial,10.61,3467.64737,cents per kilowatt-hour,million kilowatt hours,COM
2023-03-01,OH,Ohio,COM,commercial,10.36,3881.3564,cents per kilowatt-hour,million kilowatt hours,COM
2023-03-01,OH,Ohio,RES,residential,14.89,4341.17053,cents per kilowatt-hour,million kilowatt hours,RES
2023-04-01,OH,Ohio,RES,residential,15.01,3369.99208,cents per kilowatt-hour,million kilowatt hours,RES
2023-04-01,OH,Ohio,COM,commercial,10.66,3435.48277,cents per kilowatt-hour,million kilowatt hours,COM
2023-05-01,OH,Ohio,RES,residential,15.63,3421.64523,cents per kilowatt-hour,million kilowatt hours,RES
2023-05-01,OH,Ohio,COM,commercial,10.96,3672.47557,cents per kilowatt-hour,million kilowatt hours,COM
2023-06-01,OH,Ohio,COM,commercial,10.97,3960.58736,cents per kilowatt-hour,million kilowatt hours,COM
2023-06-01,OH,Ohio,RES,residential,16.29,3846.14483,cents per kilowatt-hour,million kilowatt hours,RES
2023-07-01,OH,Ohio,COM,commercial,10.57,4577.48001,cents per kilowatt-hour,million kilowatt hours,COM
2023-07-01,OH,Ohio,RES,residential,15.73,5231.62635,cents per kilowatt-hour,million kilowatt hours,RES
2023-08-01,OH,Ohio,COM,commercial,10.81,4254.14199,cents per kilowatt-hour,million kilowatt hours,COM
2023-08-01,OH,Ohio,RES,residential,15.63,4998.17331,cents per kilowatt-hour,million kilowatt hours,RES
2023-09-01,OH,Ohio,COM,commercial,10.9,3894.4844,cents per kilowatt-hour,million kilowatt hours,COM
2023-09-01,OH,Ohio,RES,residential,15.59,4042.34376,cents per kilowatt-hour,million kilowatt hours,RES
2023-10-01,OH,Ohio,RES,residential,15.89,3489.83517,cents per kilowatt-hour,million kilowatt hours,RES
2023-10-01,OH,Ohio,COM,commercial,11.06,3948.52416,cents per kilowatt-hour,million kilowatt hours,COM
2023-11-01,OH,Ohio,RES,residential,15.65,3688.38629,cents per kilowatt-hour,million kilowatt hours,RES
2023-11-01,OH,Ohio,COM,commercial,11.12,3661.98462,cents per kilowatt-hour,million kilowatt hours,COM
2023-12-01,OH,Ohio,RES,residential,15.57,4366.96452,cents per kilowatt-hour,million kilowatt hours,RES
2023-12-01,OH,Ohio,COM,commercial,10.56,3851.26283,cents per kilowatt-hour,million kilowatt hours,COM
2024-01-01,OH,Ohio,RES,residential,15.47,5337.53769,cents per kilowatt-hour,million kilowatt hours,RES
2024-01-01,OH,Ohio,COM,commercial,10.5,4192.15613,cents per kilowatt-hour,million kilowatt hours,COM
2024-02-01,OH,Ohio,RES,residential,15.67,4337.76339,cents per kilowatt-hour,million kilowatt hours,RES
2024-02-01,OH,Ohio,COM,commercial,11.14,3809.96595,cents per kilowatt-hour,million kilowatt hours,COM
2024-03-01,OH,Ohio,COM,commercial,11.2,3870.37585,cents per kilowatt-hour,million kilowatt hours,COM
2024-03-01,OH,Ohio,RES,residential,16.2,3790.01249,cents per kilowatt-hour,million kilowatt hours,RES
2024-04-01,OH,Ohio,COM,commercial,10.69,3860.41724,cents per kilowatt-hour,million kilowatt hours,COM
2024-04-01,OH,Ohio,RES,residential,16.66,3475.8325,cents per kilowatt-hour,million kilowatt hours,RES
2024-05-01,OH,Ohio,COM,commercial,10.44,4341.3801,cents per kilowatt-hour,million kilowatt hours,COM
2024-05-01,OH,Ohio,RES,residential,16.56,3624.73493,cents per kilowatt-hour,million kilowatt hours,RES
2024-06-01,OH,Ohio,RES,residential,15.83,4788.34842,cents per kilowatt-hour,million kilowatt hours,RES
2024-06-01,OH,Ohio,COM,commercial,10.46,4474.49069,cents per kilowatt-hour,million kilowatt hours,COM
2024-07-01,OH,Ohio,COM,commercial,10.51,4705.22688,cents per kilowatt-hour,million kilowatt hours,COM
2024-07-01,OH,Ohio,RES,residential,15.78,5547.11587,cents per kilowatt-hour,million kilowatt hours,RES
2024-08-01,OH,Ohio,RES,residential,15.73,5457.34991,cents per kilowatt-hour,million kilowatt hours,RES
2024-08-01,OH,Ohio,COM,commercial,10.54,4837.71212,cents per kilowatt-hour,million kilowatt hours,COM
2024-09-01,OH,Ohio,RES,residential,15.75,4136.14255,cents per kilowatt-hour,million kilowatt hours,RES
2024-09-01,OH,Ohio,COM,commercial,10.49,4359.59526,cents per kilowatt-hour,million kilowatt hours,COM
2024-10-01,OH,Ohio,COM,commercial,10.78,4149.8756,cents per kilowatt-hour,million kilowatt hours,COM
2024-10-01,OH,Ohio,RES,residential,16.57,3437.07545,cents per kilowatt-hour,million kilowatt hours,RES
2024-11-01,OH,Ohio,COM,commercial,10.74,4000.5533,cents per kilowatt-hour,million kilowatt hours,COM
2024-11-01,OH,Ohio,RES,residential,16.47,3408.86973,cents per kilowatt-hour,million kilowatt hours,RES
2024-12-01,OH,Ohio,COM,commercial,10.62,4211.86089,cents per kilowatt-hour,million kilowatt hours,COM
2024-12-01,OH,Ohio,RES,residential,15.88,4833.57306,cents per kilowatt-hour,million kilowatt hours,RES
2025-01-01,OH,Ohio,COM,commercial,10.66,4504.00995,cents per kilowatt-hour,million kilowatt hours,COM
2025-01-01,OH,Ohio,RES,residential,15.64,5904.74873,cents per kilowatt-hour,million kilowatt hours,RES
2025-02-01,OH,Ohio,COM,commercial,11.18,4215.59315,cents per kilowatt-hour,million kilowatt hours,COM
2025-02-01,OH,Ohio,RES,residential,15.85,4896.9223,cents per kilowatt-hour,million kilowatt hours,RES
2025-03-01,OH,Ohio,COM,commercial,11.25,4243.52883,cents per kilowatt-hour,million kilowatt hours,COM
2025-03-01,OH,Ohio,RES,residential,16.12,4067.07342,cents per kilowatt-hour,million kilowatt hours,RES
2025-04-01,OH,Ohio,RES,residential,16.34,3413.78552,cents per kilowatt-hour,million kilowatt hours,RES
2025-04-01,OH,Ohio,COM,commercial,11.03,4200.17725,cents per kilowatt-hour,million kilowatt hours,COM
2025-05-01,OH,Ohio,RES,residential,17.11,3344.91498,cents per kilowatt-hour,million kilowatt hours,RES
2025-05-01,OH,Ohio,COM,commercial,11.12,4562.08494,cents per kilowatt-hour,million kilowatt hours,COM
2025-06-01,OH,Ohio,COM,commercial,11.35,5008.26713,cents per kilowatt-hour,million kilowatt hours,COM
2025-06-01,OH,Ohio,RES,residential,17.52,4753.7897,cents per kilowatt-hour,million kilowatt hours,RES
2025-07-01,OH,Ohio,COM,commercial,11.53,5596.48441,cents per kilowatt-hour,million kilowatt hours,COM
2025-07-01,OH,Ohio,RES,residential,17.39,6279.67954,cents per kilowatt-hour,million kilowatt hours,RES
2025-08-01,OH,Ohio,RES,residential,17.61,5251.915,cents per kilowatt-hour,million kilowatt hours,RES
2025-08-01,OH,Ohio,COM,commercial,11.49,5529.46556,cents per kilowatt-hour,million kilowatt hours,COM
2025-09-01,OH,Ohio,RES,residential,17.61,3867.45194,cents per kilowatt-hour,million kilowatt hours,RES
2025-09-01,OH,Ohio,COM,commercial,12,4931.4316,cents per kilowatt-hour,million kilowatt hours,COM
2025-10-01,OH,Ohio,RES,residential,17.85,3329.72141,cents per kilowatt-hour,million kilowatt hours,RES
2025-10-01,OH,Ohio,COM,commercial,12.48,4958.78867,cents per kilowatt-hour,million kilowatt hours,COM
2025-11-01,OH,Ohio,COM,commercial,12.93,4639.9167,cents per kilowatt-hour,million kilowatt hours,COM
2025-11-01,OH,Ohio,RES,residential,17.66,3941.4996,cents per kilowatt-hour,million kilowatt hours,RES
