period,stateid,stateDescription,sectorid,sectorName,sales,sales-units,sector
2025-11-01,OH,Ohio,RES,residential,3941.4996,million kilowatt hours,RES
2025-10-01,OH,Ohio,RES,residential,3329.72141,million kilowatt hours,RES
2025-09-01,OH,Ohio,RES,residential,3867.45194,million kilowatt hours,RES
2025-08-01,OH,Ohio,RES,residential,5251.915,million kilowatt hours,RES
2025-07-01,OH,Ohio,RES,residential,6279.67954,million kilowatt hours,RES
2025-06-01,OH,Ohio,RES,residential,4753.7897,million kilowatt hours,RES
2025-05-01,OH,Ohio,RES,residential,3344.91498,million kilowatt hours,RES
2025-04-01,OH,Ohio,RES,residential,3413.78552,million kilowatt hours,RES
2025-03-01,OH,Ohio,RES,residential,4067.07342,million kilowatt hours,RES
2025-02-01,OH,Ohio,RES,residential,4896.9223,million kilowatt hours,RES
2025-01-01,OH,Ohio,RES,residential,5904.74873,million kilowatt hours,RES
2024-12-01,OH,Ohio,RES,residential,4833.57306,million kilowatt hours,RES
2024-11-01,OH,Ohio,RES,residential,3408.86973,million kilowatt hours,RES
2024-10-01,OH,Ohio,RES,residential,3437.07545,million kilowatt hours,RES
2024-09-01,OH,Ohio,RES,residential,4136.14255,million kilowatt hours,RES
2024-08-01,OH,Ohio,RES,residential,5457.34991,million kilowatt hours,RES
2024-07-01,OH,Ohio,RES,residential,5547.11587,million kilowatt hours,RES
2024-06-01,OH,Ohio,RES,residential,4788.34842,million kilowatt hours,RES
2024-05-01,OH,Ohio,RES,residential,3624.73493,million kilowatt hours,RES
2024-04-01,OH,Ohio,RES,residential,3475.8325,million kilowatt hours,RES
2024-03-01,OH,Ohio,RES,residential,3790.01249,million kilowatt hours,RES
2024-02-01,OH,Ohio,RES,residential,4337.76339,million kilowatt hours,RES
2024-01-01,OH,Ohio,RES,residential,5337.53769,million kilowatt hours,RES
2023-12-01,OH,Ohio,RES,residential,4366.96452,million kilowatt hours,RES
2023-11-01,OH,Ohio,RES,residential,3688.38629,million kilowatt hours,RES
2023-10-01,OH,Ohio,RES,residential,3489.83517,million kilowatt hours,RES
2023-09-01,OH,Ohio,RES,residential,4042.34376,million kilowatt hours,RES
2023-08-01,OH,Ohio,RES,residential,4998.17331,million kilowatt hours,RES
2023-07-01,OH,Ohio,RES,residential,5231.62635,million kilowatt hours,RES
2023-06-01,OH,Ohio,RES,residential,3846.14483,million kilowatt hours,RES
2023-05-01,OH,Ohio,RES,residential,3421.64523,million kilowatt hours,RES
2023-04-01,OH,Ohio,RES,residential,3369.99208,million kilowatt hours,RES
2023-03-01,OH,Ohio,RES,residential,4341.17053,million kilowatt hours,RES
2023-02-01,OH,Ohio,RES,residential,4032.34019,million kilowatt hours,RES
2023-01-01,OH,Ohio,RES,residential,4884.91576,million kilowatt hours,RES
2022-12-01,OH,Ohio,RES,residential,4970.83025,million kilowatt hours,RES
2022-11-01,OH,Ohio,RES,residential,3762.4709,million kilowatt hours,RES
2022-10-01,OH,Ohio,RES,residential,3300.51906,million kilowatt hours,RES
2022-09-01,OH,Ohio,RES,residential,3992.805,million kilowatt hours,RES
2022-08-01,OH,Ohio,RES,residential,5284.98534,million kilowatt hours,RES
2022-07-01,OH,Ohio,RES,residential,5632.20432,million kilowatt hours,RES
2022-06-01,OH,Ohio,RES,residential,4678.33579,million kilowatt hours,RES
2022-05-01,OH,Ohio,RES,residential,3624.03756,million kilowatt hours,RES
2022-04-01,OH,Ohio,RES,residential,3529.99811,million kilowatt hours,RES
2022-03-01,OH,Ohio,RES,residential,4270.12149,million kilowatt hours,RES
2022-02-01,OH,Ohio,RES,residential,4800.49727,million kilowatt hours,RES
2022-01-01,OH,Ohio,RES,residential,5465.41092,million kilowatt hours,RES
2021-12-01,OH,Ohio,RES,residential,4477.891,million kilowatt hours,RES
2021-11-01,OH,Ohio,RES,residential,3869.87038,million kilowatt hours,RES
2021-10-01,OH,Ohio,RES,residential,3605.38141,million kilowatt hours,RES
2021-09-01,OH,Ohio,RES,residential,4263.11201,million kilowatt hours,RES
2021-08-01,OH,Ohio,RES,residential,5654.16228,million kilowatt hours,RES
2021-07-01,OH,Ohio,RES,residential,5301.08258,million kilowatt hours,RES
2021-06-01,OH,Ohio,RES,residential,4634.21349,million kilowatt hours,RES
2021-05-01,OH,Ohio,RES,residential,3556.957,million kilowatt hours,RES
2021-04-01,OH,Ohio,RES,residential,3421.18931,million kilowatt hours,RES
2021-03-01,OH,Ohio,RES,residential,4102.8248,million kilowatt hours,RES
2021-02-01,OH,Ohio,RES,residential,5062.77565,million kilowatt hours,RES
2021-01-01,OH,Ohio,RES,residential,5221.73307,million kilowatt hours,RES
2020-12-01,OH,Ohio,RES,residential,4962.50976,million kilowatt hours,RES
2020-11-01,OH,Ohio,RES,residential,3595.28166,million kilowatt hours,RES
2020-10-01,OH,Ohio,RES,residential,3485.84825,million kilowatt hours,RES
2020-09-01,OH,Ohio,RES,residential,4042.59775,million kilowatt hours,RES
2020-08-01,OH,Ohio,RES,residential,5299.60404,million kilowatt hours,RES
2020-07-01,OH,Ohio,RES,residential,6109.66929,million kilowatt hours,RES
2020-06-01,OH,Ohio,RES,residential,4604.7729,million kilowatt hours,RES
2020-05-01,OH,Ohio,RES,residential,3695.77475,million kilowatt hours,RES
2020-04-01,OH,Ohio,RES,residential,3608.28517,million kilowatt hours,RES
2020-03-01,OH,Ohio,RES,residential,3793.78028,million kilowatt hours,RES
2020-02-01,OH,Ohio,RES,residential,4605.23602,million kilowatt hours,RES
2020-01-01,OH,Ohio,RES,residential,4749.41013,million kilowatt hours,RES
2019-12-01,OH,Ohio,RES,residential,4678.57469,million kilowatt hours,RES
2019-11-01,OH,Ohio,RES,residential,3967.50936,million kilowatt hours,RES
2019-10-01,OH,Ohio,RES,residential,3442.82514,million kilowatt hours,RES
2019-09-01,OH,Ohio,RES,residential,4331.73615,million kilowatt hours,RES
2019-08-01,OH,Ohio,RES,residential,5074.13915,million kilowatt hours,RES
2019-07-01,OH,Ohio,RES,residential,5804.00144,million kilowatt hours,RES
2019-06-01,OH,Ohio,RES,residential,3995.41517,million kilowatt hours,RES
2019-05-01,OH,Ohio,RES,residential,3295.59049,million kilowatt hours,RES
2019-04-01,OH,Ohio,RES,residential,3262.67342,million kilowatt hours,RES
2019-03-01,OH,Ohio,RES,residential,4569.21719,million kilowatt hours,RES
2019-02-01,OH,Ohio,RES,residential,4559.70173,million kilowatt hours,RES
2019-01-01,OH,Ohio,RES,residential,5244.71308,million kilowatt hours,RES
2018-12-01,OH,Ohio,RES,residential,4781.77164,million kilowatt hours,RES
2018-11-01,OH,Ohio,RES,residential,4115.42113,million kilowatt hours,RES
2018-10-01,OH,Ohio,RES,residential,3772.1246,million kilowatt hours,RES
2018-09-01,OH,Ohio,RES,residential,4536.70912,million kilowatt hours,RES
2018-08-01,OH,Ohio,RES,residential,5243.75376,million kilowatt hours,RES
2018-07-01,OH,Ohio,RES,residential,5473.55409,million kilowatt hours,RES
2018-06-01,OH,Ohio,RES,residential,4580.01301,million kilowatt hours,RES
2018-05-01,OH,Ohio,RES,residential,3783.85647,million kilowatt hours,RES
2018-04-01,OH,Ohio,RES,residential,3739.00742,million kilowatt hours,RES
2018-03-01,OH,Ohio,RES,residential,4257.23526,million kilowatt hours,RES
2018-02-01,OH,Ohio,RES,residential,4379.08707,million kilowatt hours,RES
2018-01-01,OH,Ohio,RES,residential,5789.18043,million kilowatt hours,RES
2017-12-01,OH,Ohio,RES,residential,5150.35097,million kilowatt hours,RES
2017-11-01,OH,Ohio,RES,residential,3803.93619,million kilowatt hours,RES
2017-10-01,OH,Ohio,RES,residential,3380.88679,million kilowatt hours,RES
2017-09-01,OH,Ohio,RES,residential,3779.41009,million kilowatt hours,RES
2017-08-01,OH,Ohio,RES,residential,4708.31534,million kilowatt hours,RES
2017-07-01,OH,Ohio,RES,residential,5211.80031,million kilowatt hours,RES
2017-06-01,OH,Ohio,RES,residential,4225.28641,million kilowatt hours,RES
2017-05-01,OH,Ohio,RES,residential,3304.98583,million kilowatt hours,RES
2017-04-01,OH,Ohio,RES,residential,3233.37225,million kilowatt hours,RES
2017-03-01,OH,Ohio,RES,residential,4117.80294,million kilowatt hours,RES
2017-02-01,OH,Ohio,RES,residential,3878.06131,million kilowatt hours,RES
2017-01-01,OH,Ohio,RES,residential,5001.33159,million kilowatt hours,RES
2016-12-01,OH,Ohio,RES,residential,5008.67456,million kilowatt hours,RES
2016-11-01,OH,Ohio,RES,residential,3470.67133,million kilowatt hours,RES
2016-10-01,OH,Ohio,RES,residential,3244.31217,million kilowatt hours,RES
2016-09-01,OH,Ohio,RES,residential,4484.56736,million kilowatt hours,RES
2016-08-01,OH,Ohio,RES,residential,5917.35261,million kilowatt hours,RES
2016-07-01,OH,Ohio,RES,residential,5600.66858,million kilowatt hours,RES
2016-06-01,OH,Ohio,RES,residential,4367.01257,million kilowatt hours,RES
2016-05-01,OH,Ohio,RES,residential,3373.84497,million kilowatt hours,RES
2016-04-01,OH,Ohio,RES,residential,3350.44869,million kilowatt hours,RES
2016-03-01,OH,Ohio,RES,residential,3863.28946,million kilowatt hours,RES
2016-02-01,OH,Ohio,RES,residential,4610.99576,million kilowatt hours,RES
2016-01-01,OH,Ohio,RES,residential,5232.30297,million kilowatt hours,RES
2015-12-01,OH,Ohio,RES,residential,4182.52106,million kilowatt hours,RES
2015-11-01,OH,Ohio,RES,residential,3467.46115,million kilowatt hours,RES
2015-10-01,OH,Ohio,RES,residential,3208.182,million kilowatt hours,RES
2015-09-01,OH,Ohio,RES,residential,4148.20013,million kilowatt hours,RES
2015-08-01,OH,Ohio,RES,residential,4896.65087,million kilowatt hours,RES
2015-07-01,OH,Ohio,RES,residential,4894.48076,million kilowatt hours,RES
2015-06-01,OH,Ohio,RES,residential,4196.41135,million kilowatt hours,RES
2015-05-01,OH,Ohio,RES,residential,3535.54008,million kilowatt hours,RES
2015-04-01,OH,Ohio,RES,residential,3271.53774,million kilowatt hours,RES
2015-03-01,OH,Ohio,RES,residential,4673.67084,million kilowatt hours,RES
2015-02-01,OH,Ohio,RES,residential,5410.86864,million kilowatt hours,RES
2015-01-01,OH,Ohio,RES,residential,5607.42936,million kilowatt hours,RES
2014-12-01,OH,Ohio,RES,residential,5012.08787,million kilowatt hours,RES
2014-11-01,OH,Ohio,RES,residential,4094.60202,million kilowatt hours,RES
2014-10-01,OH,Ohio,RES,residential,3313.90539,million kilowatt hours,RES
2014-09-01,OH,Ohio,RES,residential,3807.8886,million kilowatt hours,RES
2014-08-01,OH,Ohio,RES,residential,4585.37369,million kilowatt hours,RES
2014-07-01,OH,Ohio,RES,residential,4631.92873,million kilowatt hours,RES
2014-06-01,OH,Ohio,RES,residential,4250.83578,million kilowatt hours,RES
2014-05-01,OH,Ohio,RES,residential,3438.60205,million kilowatt hours,RES
2014-04-01,OH,Ohio,RES,residential,3399.03887,million kilowatt hours,RES
2014-03-01,OH,Ohio,RES,residential,4835.28194,million kilowatt hours,RES
2014-02-01,OH,Ohio,RES,residential,5374.86746,million kilowatt hours,RES
2014-01-01,OH,Ohio,RES,residential,6059.92163,million kilowatt hours,RES
2013-12-01,OH,Ohio,RES,residential,5201.13978,million kilowatt hours,RES
2013-11-01,OH,Ohio,RES,residential,4031.95543,million kilowatt hours,RES
2013-10-01,OH,Ohio,RES,residential,3471.38749,million kilowatt hours,RES
2013-09-01,OH,Ohio,RES,residential,3917.70226,million kilowatt hours,RES
2013-08-01,OH,Ohio,RES,residential,4696.42118,million kilowatt hours,RES
2013-07-01,OH,Ohio,RES,residential,5117.19613,million kilowatt hours,RES
2013-06-01,OH,Ohio,RES,residential,4102.50391,million kilowatt hours,RES
2013-05-01,OH,Ohio,RES,residential,3568.18861,million kilowatt hours,RES
2013-04-01,OH,Ohio,RES,residential,3555.53432,million kilowatt hours,RES
2013-03-01,OH,Ohio,RES,residential,4797.565,million kilowatt hours,RES
2013-02-01,OH,Ohio,RES,residential,4585.79448,million kilowatt hours,RES
2013-01-01,OH,Ohio,RES,residential,5112.7054,million kilowatt hours,RES
2012-12-01,OH,Ohio,RES,residential,4924.64498,million kilowatt hours,RES
2012-11-01,OH,Ohio,RES,residential,3990.08926,million kilowatt hours,RES
2012-10-01,OH,Ohio,RES,residential,3320.17965,million kilowatt hours,RES
2012-09-01,OH,Ohio,RES,residential,3720.96657,million kilowatt hours,RES
2012-08-01,OH,Ohio,RES,residential,5472.22784,million kilowatt hours,RES
2012-07-01,OH,Ohio,RES,residential,6000.43971,million kilowatt hours,RES
2012-06-01,OH,Ohio,RES,residential,4569.853,million kilowatt hours,RES
2012-05-01,OH,Ohio,RES,residential,3693.71324,million kilowatt hours,RES
2012-04-01,OH,Ohio,RES,residential,3107.40281,million kilowatt hours,RES
2012-03-01,OH,Ohio,RES,residential,3784.87747,million kilowatt hours,RES
2012-02-01,OH,Ohio,RES,residential,4376.05476,million kilowatt hours,RES
2012-01-01,OH,Ohio,RES,residential,5327.31975,million kilowatt hours,RES
2011-12-01,OH,Ohio,RES,residential,4891.53161,million kilowatt hours,RES
2011-11-01,OH,Ohio,RES,residential,3647.61845,million kilowatt hours,RES
2011-10-01,OH,Ohio,RES,residential,3201.72155,million kilowatt hours,RES
2011-09-01,OH,Ohio,RES,residential,3898.35326,million kilowatt hours,RES
2011-08-01,OH,Ohio,RES,residential,5511.5672,million kilowatt hours,RES
2011-07-01,OH,Ohio,RES,residential,5970.78673,million kilowatt hours,RES
2011-06-01,OH,Ohio,RES,residential,4421.2579,million kilowatt hours,RES
2011-05-01,OH,Ohio,RES,residential,3666.34083,million kilowatt hours,RES
2011-04-01,OH,Ohio,RES,residential,3427.47344,million kilowatt hours,RES
2011-03-01,OH,Ohio,RES,residential,4265.36667,million kilowatt hours,RES
2011-02-01,OH,Ohio,RES,residential,4723.78156,million kilowatt hours,RES
2011-01-01,OH,Ohio,RES,residential,6061.31182,million kilowatt hours,RES
2010-12-01,OH,Ohio,RES,residential,5511.36562,million kilowatt hours,RES
2010-11-01,OH,Ohio,RES,residential,3679.78352,million kilowatt hours,RES
2010-10-01,OH,Ohio,RES,residential,3330.98041,million kilowatt hours,RES
2010-09-01,OH,Ohio,RES,residential,4066.32502,million kilowatt hours,RES
2010-08-01,OH,Ohio,RES,residential,5719.20741,million kilowatt hours,RES
2010-07-01,OH,Ohio,RES,residential,5785.57899,million kilowatt hours,RES
2010-06-01,OH,Ohio,RES,residential,4632.88208,million kilowatt hours,RES
2010-05-01,OH,Ohio,RES,residential,3405.8378,million kilowatt hours,RES
2010-04-01,OH,Ohio,RES,residential,3146.0834,million kilowatt hours,RES
2010-03-01,OH,Ohio,RES,residential,4284.37153,million kilowatt hours,RES
2010-02-01,OH,Ohio,RES,residential,4956.02228,million kilowatt hours,RES
2010-01-01,OH,Ohio,RES,residential,5955.93894,million kilowatt hours,RES
2009-12-01,OH,Ohio,RES,residential,5169.93801,million kilowatt hours,RES
2009-11-01,OH,Ohio,RES,residential,3649.13532,million kilowatt hours,RES
2009-10-01,OH,Ohio,RES,residential,3514.87319,million kilowatt hours,RES
2009-09-01,OH,Ohio,RES,residential,3713.87348,million kilowatt hours,RES
2009-08-01,OH,Ohio,RES,residential,4817.90152,million kilowatt hours,RES
2009-07-01,OH,Ohio,RES,residential,4446.24013,million kilowatt hours,RES
2009-06-01,OH,Ohio,RES,residential,4091.13157,million kilowatt hours,RES
2009-05-01,OH,Ohio,RES,residential,3300.37584,million kilowatt hours,RES
2009-04-01,OH,Ohio,RES,residential,3422.97338,million kilowatt hours,RES
2009-03-01,OH,Ohio,RES,residential,4313.10175,million kilowatt hours,RES
2009-02-01,OH,Ohio,RES,residential,4770.10617,million kilowatt hours,RES
2009-01-01,OH,Ohio,RES,residential,6195.51166,million kilowatt hours,RES
2008-12-01,OH,Ohio,RES,residential,5521.81635,million kilowatt hours,RES
2008-11-01,OH,Ohio,RES,residential,3984.50458,million kilowatt hours,RES
2008-10-01,OH,Ohio,RES,residential,3363.94163,million kilowatt hours,RES
2008-09-01,OH,Ohio,RES,residential,3894.60566,million kilowatt hours,RES
2008-08-01,OH,Ohio,RES,residential,5018.7163,million kilowatt hours,RES
2008-07-01,OH,Ohio,RES,residential,5215.12196,million kilowatt hours,RES
2008-06-01,OH,Ohio,RES,residential,4328.78999,million kilowatt hours,RES
2008-05-01,OH,Ohio,RES,residential,3139.52942,million kilowatt hours,RES
2008-04-01,OH,Ohio,RES,residential,3450.70953,million kilowatt hours,RES
2008-03-01,OH,Ohio,RES,residential,4850.75244,million kilowatt hours,RES
2008-02-01,OH,Ohio,RES,residential,5029.97305,million kilowatt hours,RES
2008-01-01,OH,Ohio,RES,residential,5612.1381,million kilowatt hours,RES
2007-12-01,OH,Ohio,RES,residential,5103.53968,million kilowatt hours,RES
2007-11-01,OH,Ohio,RES,residential,3726.35058,million kilowatt hours,RES
2007-10-01,OH,Ohio,RES,residential,3727.36428,million kilowatt hours,RES
2007-09-01,OH,Ohio,RES,residential,4489.60436,million kilowatt hours,RES
2007-08-01,OH,Ohio,RES,residential,5682.21392,million kilowatt hours,RES
2007-07-01,OH,Ohio,RES,residential,4953.65818,million kilowatt hours,RES
2007-06-01,OH,Ohio,RES,residential,4474.90784,million kilowatt hours,RES
2007-05-01,OH,Ohio,RES,residential,3581.98302,million kilowatt hours,RES
2007-04-01,OH,Ohio,RES,residential,3582.09704,million kilowatt hours,RES
2007-03-01,OH,Ohio,RES,residential,4585.62677,million kilowatt hours,RES
2007-02-01,OH,Ohio,RES,residential,5195.16935,million kilowatt hours,RES
2007-01-01,OH,Ohio,RES,residential,5273.24396,million kilowatt hours,RES
2006-12-01,OH,Ohio,RES,residential,4779.62337,million kilowatt hours,RES
2006-11-01,OH,Ohio,RES,residential,3998.31182,million kilowatt hours,RES
2006-10-01,OH,Ohio,RES,residential,3472.82241,million kilowatt hours,RES
2006-09-01,OH,Ohio,RES,residential,3486.53193,million kilowatt hours,RES
2006-08-01,OH,Ohio,RES,residential,5631.57248,million kilowatt hours,RES
2006-07-01,OH,Ohio,RES,residential,5472.46801,million kilowatt hours,RES
2006-06-01,OH,Ohio,RES,residential,4110.75603,million kilowatt hours,RES
2006-05-01,OH,Ohio,RES,residential,3232.94638,million kilowatt hours,RES
2006-04-01,OH,Ohio,RES,residential,3336.94791,million kilowatt hours,RES
2006-03-01,OH,Ohio,RES,residential,4486.1807,million kilowatt hours,RES
2006-02-01,OH,Ohio,RES,residential,4284.39549,million kilowatt hours,RES
2006-01-01,OH,Ohio,RES,residential,5082.67544,million kilowatt hours,RES
2005-12-01,OH,Ohio,RES,residential,5347.5459,million kilowatt hours,RES
2005-11-01,OH,Ohio,RES,residential,3793.80292,million kilowatt hours,RES
2005-10-01,OH,Ohio,RES,residential,3676.00702,million kilowatt hours,RES
2005-09-01,OH,Ohio,RES,residential,4215.74542,million kilowatt hours,RES
2005-08-01,OH,Ohio,RES,residential,5691.00139,million kilowatt hours,RES
2005-07-01,OH,Ohio,RES,residential,5667.70072,million kilowatt hours,RES
2005-06-01,OH,Ohio,RES,residential,4510.35822,million kilowatt hours,RES
2005-05-01,OH,Ohio,RES,residential,3295.25532,million kilowatt hours,RES
2005-04-01,OH,Ohio,RES,residential,3440.79199,million kilowatt hours,RES
2005-03-01,OH,Ohio,RES,residential,4492.16394,million kilowatt hours,RES
2005-02-01,OH,Ohio,RES,residential,4394.618,million kilowatt hours,RES
2005-01-01,OH,Ohio,RES,residential,5379.25316,million kilowatt hours,RES
2004-12-01,OH,Ohio,RES,residential,5038.33008,million kilowatt hours,RES
2004-11-01,OH,Ohio,RES,residential,3544.26923,million kilowatt hours,RES
2004-10-01,OH,Ohio,RES,residential,3323.10706,million kilowatt hours,RES
2004-09-01,OH,Ohio,RES,residential,3892.44386,million kilowatt hours,RES
2004-08-01,OH,Ohio,RES,residential,4452.70333,million kilowatt hours,RES
2004-07-01,OH,Ohio,RES,residential,4786.34018,million kilowatt hours,RES
2004-06-01,OH,Ohio,RES,residential,4104.39242,million kilowatt hours,RES
2004-05-01,OH,Ohio,RES,residential,3239.49391,million kilowatt hours,RES
2004-04-01,OH,Ohio,RES,residential,3415.89474,million kilowatt hours,RES
2004-03-01,OH,Ohio,RES,residential,4162.00576,million kilowatt hours,RES
2004-02-01,OH,Ohio,RES,residential,4630.49982,million kilowatt hours,RES
2004-01-01,OH,Ohio,RES,residential,5710.5576,million kilowatt hours,RES
2003-12-01,OH,Ohio,RES,residential,4845.5891,million kilowatt hours,RES
2003-11-01,OH,Ohio,RES,residential,3363.36139,million kilowatt hours,RES
2003-10-01,OH,Ohio,RES,residential,3338.12671,million kilowatt hours,RES
2003-09-01,OH,Ohio,RES,residential,3770.53271,million kilowatt hours,RES
2003-08-01,OH,Ohio,RES,residential,4867.95554,million kilowatt hours,RES
2003-07-01,OH,Ohio,RES,residential,4994.0723,million kilowatt hours,RES
2003-06-01,OH,Ohio,RES,residential,3563.08811,million kilowatt hours,RES
2003-05-01,OH,Ohio,RES,residential,3172.11508,million kilowatt hours,RES
2003-04-01,OH,Ohio,RES,residential,3087.25553,million kilowatt hours,RES
2003-03-01,OH,Ohio,RES,residential,4398.90101,million kilowatt hours,RES
2003-02-01,OH,Ohio,RES,residential,4609.84926,million kilowatt hours,RES
2003-01-01,OH,Ohio,RES,residential,5609.73127,million kilowatt hours,RES
2002-12-01,OH,Ohio,RES,residential,4792.93846,million kilowatt hours,RES
2002-11-01,OH,Ohio,RES,residential,3587.72179,million kilowatt hours,RES
2002-10-01,OH,Ohio,RES,residential,3454.28671,million kilowatt hours,RES
2002-09-01,OH,Ohio,RES,residential,4155.6936,million kilowatt hours,RES
2002-08-01,OH,Ohio,RES,residential,5380.79151,million kilowatt hours,RES
2002-07-01,OH,Ohio,RES,residential,5754.35729,million kilowatt hours,RES
2002-06-01,OH,Ohio,RES,residential,4202.73337,million kilowatt hours,RES
2002-05-01,OH,Ohio,RES,residential,3155.58163,million kilowatt hours,RES
2002-04-01,OH,Ohio,RES,residential,3446.88739,million kilowatt hours,RES
2002-03-01,OH,Ohio,RES,residential,4119.89923,million kilowatt hours,RES
2002-02-01,OH,Ohio,RES,residential,3685.37626,million kilowatt hours,RES
2002-01-01,OH,Ohio,RES,residential,5127.37575,million kilowatt hours,RES
2001-12-01,OH,Ohio,RES,residential,4063.81103,million kilowatt hours,RES
2001-11-01,OH,Ohio,RES,residential,3319.20528,million kilowatt hours,RES
2001-10-01,OH,Ohio,RES,residential,3196.76976,million kilowatt hours,RES
2001-09-01,OH,Ohio,RES,residential,3445.04715,million kilowatt hours,RES
2001-08-01,OH,Ohio,RES,residential,5084.12532,million kilowatt hours,RES
2001-07-01,OH,Ohio,RES,residential,4808.91952,million kilowatt hours,RES
2001-06-01,OH,Ohio,RES,residential,3561.75234,million kilowatt hours,RES
2001-05-01,OH,Ohio,RES,residential,3108.4299,million kilowatt hours,RES
2001-04-01,OH,Ohio,RES,residential,3278.86713,million kilowatt hours,RES
2001-03-01,OH,Ohio,RES,residential,4034.49837,million kilowatt hours,RES
2001-02-01,OH,Ohio,RES,residential,4011.77856,million kilowatt hours,RES
2001-01-01,OH,Ohio,RES,residential,5432.95864,million kilowatt hours,RES
2025-11-01,OH,Ohio,COM,commercial,4639.9167,million kilowatt hours,COM
2025-10-01,OH,Ohio,COM,commercial,4958.78867,million kilowatt hours,COM
2025-09-01,OH,Ohio,COM,commercial,4931.4316,million kilowatt hours,COM
2025-08-01,OH,Ohio,COM,commercial,5529.46556,million kilowatt hours,COM
2025-07-01,OH,Ohio,COM,commercial,5596.48441,million kilowatt hours,COM
2025-06-01,OH,Ohio,COM,commercial,5008.26713,million kilowatt hours,COM
2025-05-01,OH,Ohio,COM,commercial,4562.08494,million kilowatt hours,COM
2025-04-01,OH,Ohio,COM,commercial,4200.17725,million kilowatt hours,COM
2025-03-01,OH,Ohio,COM,commercial,4243.52883,million kilowatt hours,COM
2025-02-01,OH,Ohio,COM,commercial,4215.59315,million kilowatt hours,COM
2025-01-01,OH,Ohio,COM,commercial,4504.00995,million kilowatt hours,COM
2024-12-01,OH,Ohio,COM,commercial,4211.86089,million kilowatt hours,COM
2024-11-01,OH,Ohio,COM,commercial,4000.5533,million kilowatt hours,COM
2024-10-01,OH,Ohio,COM,commercial,4149.8756,million kilowatt hours,COM
2024-09-01,OH,Ohio,COM,commercial,4359.59526,million kilowatt hours,COM
2024-08-01,OH,Ohio,COM,commercial,4837.71212,million kilowatt hours,COM
2024-07-01,OH,Ohio,COM,commercial,4705.22688,million kilowatt hours,COM
2024-06-01,OH,Ohio,COM,commercial,4474.49069,million kilowatt hours,COM
2024-05-01,OH,Ohio,COM,commercial,4341.3801,million kilowatt hours,COM
2024-04-01,OH,Ohio,COM,commercial,3860.41724,million kilowatt hours,COM
2024-03-01,OH,Ohio,COM,commercial,3870.37585,million kilowatt hours,COM
2024-02-01,OH,Ohio,COM,commercial,3809.96595,million kilowatt hours,COM
2024-01-01,OH,Ohio,COM,commercial,4192.15613,million kilowatt hours,COM
2023-12-01,OH,Ohio,COM,commercial,3851.26283,million kilowatt hours,COM
2023-11-01,OH,Ohio,COM,commercial,3661.98462,million kilowatt hours,COM
2023-10-01,OH,Ohio,COM,commercial,3948.52416,million kilowatt hours,COM
2023-09-01,OH,Ohio,COM,commercial,3894.4844,million kilowatt hours,COM
2023-08-01,OH,Ohio,COM,commercial,4254.14199,million kilowatt hours,COM
2023-07-01,OH,Ohio,COM,commercial,4577.48001,million kilowatt hours,COM
2023-06-01,OH,Ohio,COM,commercial,3960.58736,million kilowatt hours,COM
2023-05-01,OH,Ohio,COM,commercial,3672.47557,million kilowatt hours,COM
2023-04-01,OH,Ohio,COM,commercial,3435.48277,million kilowatt hours,COM
2023-03-01,OH,Ohio,COM,commercial,3881.3564,million kilowatt hours,COM
2023-02-01,OH,Ohio,COM,commercial,3467.64737,million kilowatt hours,COM
2023-01-01,OH,Ohio,COM,commercial,3745.86355,million kilowatt hours,COM
2022-12-01,OH,Ohio,COM,commercial,3904.08933,million kilowatt hours,COM
2022-11-01,OH,Ohio,COM,commercial,3674.72693,million kilowatt hours,COM
2022-10-01,OH,Ohio,COM,commercial,3575.59359,million kilowatt hours,COM
2022-09-01,OH,Ohio,COM,commercial,3925.07015,million kilowatt hours,COM
2022-08-01,OH,Ohio,COM,commercial,4409.21796,million kilowatt hours,COM
2022-07-01,OH,Ohio,COM,commercial,4459.51733,million kilowatt hours,COM
2022-06-01,OH,Ohio,COM,commercial,3959.34657,million kilowatt hours,COM
2022-05-01,OH,Ohio,COM,commercial,3716.30618,million kilowatt hours,COM
2022-04-01,OH,Ohio,COM,commercial,3377.22967,million kilowatt hours,COM
2022-03-01,OH,Ohio,COM,commercial,3740.81081,million kilowatt hours,COM
2022-02-01,OH,Ohio,COM,commercial,3476.90583,million kilowatt hours,COM
2022-01-01,OH,Ohio,COM,commercial,3871.98864,million kilowatt hours,COM
2021-12-01,OH,Ohio,COM,commercial,3613.33447,million kilowatt hours,COM
2021-11-01,OH,Ohio,COM,commercial,3527.22427,million kilowatt hours,COM
2021-10-01,OH,Ohio,COM,commercial,3810.24678,million kilowatt hours,COM
2021-09-01,OH,Ohio,COM,commercial,3852.69212,million kilowatt hours,COM
2021-08-01,OH,Ohio,COM,commercial,4398.34476,million kilowatt hours,COM
2021-07-01,OH,Ohio,COM,commercial,4302.50895,million kilowatt hours,COM
2021-06-01,OH,Ohio,COM,commercial,3924.8206,million kilowatt hours,COM
2021-05-01,OH,Ohio,COM,commercial,3629.6176,million kilowatt hours,COM
2021-04-01,OH,Ohio,COM,commercial,3351.9403,million kilowatt hours,COM
2021-03-01,OH,Ohio,COM,commercial,3481.27626,million kilowatt hours,COM
2021-02-01,OH,Ohio,COM,commercial,3535.41775,million kilowatt hours,COM
2021-01-01,OH,Ohio,COM,commercial,3553.02813,million kilowatt hours,COM
2020-12-01,OH,Ohio,COM,commercial,3645.49883,million kilowatt hours,COM
2020-11-01,OH,Ohio,COM,commercial,3325.00444,million kilowatt hours,COM
2020-10-01,OH,Ohio,COM,commercial,3604.43015,million kilowatt hours,COM
2020-09-01,OH,Ohio,COM,commercial,3578.44169,million kilowatt hours,COM
2020-08-01,OH,Ohio,COM,commercial,4023.04372,million kilowatt hours,COM
2020-07-01,OH,Ohio,COM,commercial,4360.72267,million kilowatt hours,COM
2020-06-01,OH,Ohio,COM,commercial,3697.31058,million kilowatt hours,COM
2020-05-01,OH,Ohio,COM,commercial,3161.75612,million kilowatt hours,COM
2020-04-01,OH,Ohio,COM,commercial,2979.36106,million kilowatt hours,COM
2020-03-01,OH,Ohio,COM,commercial,3390.49685,million kilowatt hours,COM
2020-02-01,OH,Ohio,COM,commercial,3700.50631,million kilowatt hours,COM
2020-01-01,OH,Ohio,COM,commercial,3737.59262,million kilowatt hours,COM
2019-12-01,OH,Ohio,COM,commercial,3615.48733,million kilowatt hours,COM
2019-11-01,OH,Ohio,COM,commercial,3625.50967,million kilowatt hours,COM
2019-10-01,OH,Ohio,COM,commercial,3738.31582,million kilowatt hours,COM
2019-09-01,OH,Ohio,COM,commercial,4045.18714,million kilowatt hours,COM
2019-08-01,OH,Ohio,COM,commercial,4202.44344,million kilowatt hours,COM
2019-07-01,OH,Ohio,COM,commercial,4630.2975,million kilowatt hours,COM
2019-06-01,OH,Ohio,COM,commercial,3855.42356,million kilowatt hours,COM
2019-05-01,OH,Ohio,COM,commercial,3759.97848,million kilowatt hours,COM
2019-04-01,OH,Ohio,COM,commercial,3360.42129,million kilowatt hours,COM
2019-03-01,OH,Ohio,COM,commercial,3800.46987,million kilowatt hours,COM
2019-02-01,OH,Ohio,COM,commercial,3467.80987,million kilowatt hours,COM
2019-01-01,OH,Ohio,COM,commercial,3907.59307,million kilowatt hours,COM
2018-12-01,OH,Ohio,COM,commercial,3670.62687,million kilowatt hours,COM
2018-11-01,OH,Ohio,COM,commercial,3609.95258,million kilowatt hours,COM
2018-10-01,OH,Ohio,COM,commercial,3991.18551,million kilowatt hours,COM
2018-09-01,OH,Ohio,COM,commercial,4018.39835,million kilowatt hours,COM
2018-08-01,OH,Ohio,COM,commercial,4517.59483,million kilowatt hours,COM
2018-07-01,OH,Ohio,COM,commercial,4393.56783,million kilowatt hours,COM
2018-06-01,OH,Ohio,COM,commercial,4130.90537,million kilowatt hours,COM
2018-05-01,OH,Ohio,COM,commercial,4052.53024,million kilowatt hours,COM
2018-04-01,OH,Ohio,COM,commercial,3441.73261,million kilowatt hours,COM
2018-03-01,OH,Ohio,COM,commercial,3803.69455,million kilowatt hours,COM
2018-02-01,OH,Ohio,COM,commercial,3507.85216,million kilowatt hours,COM
2018-01-01,OH,Ohio,COM,commercial,4053.49914,million kilowatt hours,COM
2017-12-01,OH,Ohio,COM,commercial,3791.86853,million kilowatt hours,COM
2017-11-01,OH,Ohio,COM,commercial,3687.03994,million kilowatt hours,COM
2017-10-01,OH,Ohio,COM,commercial,3736.6223,million kilowatt hours,COM
2017-09-01,OH,Ohio,COM,commercial,3932.79229,million kilowatt hours,COM
2017-08-01,OH,Ohio,COM,commercial,4197.76152,million kilowatt hours,COM
2017-07-01,OH,Ohio,COM,commercial,4362.89144,million kilowatt hours,COM
2017-06-01,OH,Ohio,COM,commercial,4104.78204,million kilowatt hours,COM
2017-05-01,OH,Ohio,COM,commercial,3817.96086,million kilowatt hours,COM
2017-04-01,OH,Ohio,COM,commercial,3418.12128,million kilowatt hours,COM
2017-03-01,OH,Ohio,COM,commercial,3857.3724,million kilowatt hours,COM
2017-02-01,OH,Ohio,COM,commercial,3433.96285,million kilowatt hours,COM
2017-01-01,OH,Ohio,COM,commercial,3817.22358,million kilowatt hours,COM
2016-12-01,OH,Ohio,COM,commercial,3889.4827,million kilowatt hours,COM
2016-11-01,OH,Ohio,COM,commercial,3641.71755,million kilowatt hours,COM
2016-10-01,OH,Ohio,COM,commercial,3842.47748,million kilowatt hours,COM
2016-09-01,OH,Ohio,COM,commercial,4172.27073,million kilowatt hours,COM
2016-08-01,OH,Ohio,COM,commercial,4720.64016,million kilowatt hours,COM
2016-07-01,OH,Ohio,COM,commercial,4567.10203,million kilowatt hours,COM
2016-06-01,OH,Ohio,COM,commercial,4157.5611,million kilowatt hours,COM
2016-05-01,OH,Ohio,COM,commercial,3899.86583,million kilowatt hours,COM
2016-04-01,OH,Ohio,COM,commercial,3523.65749,million kilowatt hours,COM
2016-03-01,OH,Ohio,COM,commercial,3740.2559,million kilowatt hours,COM
2016-02-01,OH,Ohio,COM,commercial,3661.32586,million kilowatt hours,COM
2016-01-01,OH,Ohio,COM,commercial,3925.91217,million kilowatt hours,COM
2015-12-01,OH,Ohio,COM,commercial,3650.83005,million kilowatt hours,COM
2015-11-01,OH,Ohio,COM,commercial,3579.47721,million kilowatt hours,COM
2015-10-01,OH,Ohio,COM,commercial,3767.2776,million kilowatt hours,COM
2015-09-01,OH,Ohio,COM,commercial,4088.07855,million kilowatt hours,COM
2015-08-01,OH,Ohio,COM,commercial,4288.17368,million kilowatt hours,COM
2015-07-01,OH,Ohio,COM,commercial,4395.7703,million kilowatt hours,COM
2015-06-01,OH,Ohio,COM,commercial,4094.15182,million kilowatt hours,COM
2015-05-01,OH,Ohio,COM,commercial,3960.30873,million kilowatt hours,COM
2015-04-01,OH,Ohio,COM,commercial,3520.33868,million kilowatt hours,COM
2015-03-01,OH,Ohio,COM,commercial,3845.22829,million kilowatt hours,COM
2015-02-01,OH,Ohio,COM,commercial,3866.39089,million kilowatt hours,COM
2015-01-01,OH,Ohio,COM,commercial,4067.8972,million kilowatt hours,COM
2014-12-01,OH,Ohio,COM,commercial,3793.92827,million kilowatt hours,COM
2014-11-01,OH,Ohio,COM,commercial,3686.92668,million kilowatt hours,COM
2014-10-01,OH,Ohio,COM,commercial,3849.00916,million kilowatt hours,COM
2014-09-01,OH,Ohio,COM,commercial,3881.92352,million kilowatt hours,COM
2014-08-01,OH,Ohio,COM,commercial,4289.45237,million kilowatt hours,COM
2014-07-01,OH,Ohio,COM,commercial,4219.58991,million kilowatt hours,COM
2014-06-01,OH,Ohio,COM,commercial,4228.43824,million kilowatt hours,COM
2014-05-01,OH,Ohio,COM,commercial,3859.79645,million kilowatt hours,COM
2014-04-01,OH,Ohio,COM,commercial,3441.35971,million kilowatt hours,COM
2014-03-01,OH,Ohio,COM,commercial,3838.35023,million kilowatt hours,COM
2014-02-01,OH,Ohio,COM,commercial,3734.70322,million kilowatt hours,COM
2014-01-01,OH,Ohio,COM,commercial,4181.11624,million kilowatt hours,COM
2013-12-01,OH,Ohio,COM,commercial,3822.50507,million kilowatt hours,COM
2013-11-01,OH,Ohio,COM,commercial,3638.29954,million kilowatt hours,COM
2013-10-01,OH,Ohio,COM,commercial,3907.66459,million kilowatt hours,COM
2013-09-01,OH,Ohio,COM,commercial,3909.48178,million kilowatt hours,COM
2013-08-01,OH,Ohio,COM,commercial,4322.30338,million kilowatt hours,COM
2013-07-01,OH,Ohio,COM,commercial,4405.52151,million kilowatt hours,COM
2013-06-01,OH,Ohio,COM,commercial,4076.91678,million kilowatt hours,COM
2013-05-01,OH,Ohio,COM,commercial,3944.99132,million kilowatt hours,COM
2013-04-01,OH,Ohio,COM,commercial,3423.5221,million kilowatt hours,COM
2013-03-01,OH,Ohio,COM,commercial,3850.23316,million kilowatt hours,COM
2013-02-01,OH,Ohio,COM,commercial,3553.59851,million kilowatt hours,COM
2013-01-01,OH,Ohio,COM,commercial,3862.82129,million kilowatt hours,COM
2012-12-01,OH,Ohio,COM,commercial,3678.72181,million kilowatt hours,COM
2012-11-01,OH,Ohio,COM,commercial,3518.01517,million kilowatt hours,COM
2012-10-01,OH,Ohio,COM,commercial,3854.92201,million kilowatt hours,COM
2012-09-01,OH,Ohio,COM,commercial,3804.13316,million kilowatt hours,COM
2012-08-01,OH,Ohio,COM,commercial,4395.76969,million kilowatt hours,COM
2012-07-01,OH,Ohio,COM,commercial,4703.78647,million kilowatt hours,COM
2012-06-01,OH,Ohio,COM,commercial,4173.82612,million kilowatt hours,COM
2012-05-01,OH,Ohio,COM,commercial,4078.26679,million kilowatt hours,COM
2012-04-01,OH,Ohio,COM,commercial,3479.67576,million kilowatt hours,COM
2012-03-01,OH,Ohio,COM,commercial,3660.92096,million kilowatt hours,COM
2012-02-01,OH,Ohio,COM,commercial,3591.20699,million kilowatt hours,COM
2012-01-01,OH,Ohio,COM,commercial,3816.63711,million kilowatt hours,COM
2011-12-01,OH,Ohio,COM,commercial,3790.56408,million kilowatt hours,COM
2011-11-01,OH,Ohio,COM,commercial,3554.58427,million kilowatt hours,COM
2011-10-01,OH,Ohio,COM,commercial,3807.7496,million kilowatt hours,COM
2011-09-01,OH,Ohio,COM,commercial,3854.61754,million kilowatt hours,COM
2011-08-01,OH,Ohio,COM,commercial,4414.80874,million kilowatt hours,COM
2011-07-01,OH,Ohio,COM,commercial,4760.07768,million kilowatt hours,COM
2011-06-01,OH,Ohio,COM,commercial,4159.87558,million kilowatt hours,COM
2011-05-01,OH,Ohio,COM,commercial,3961.16565,million kilowatt hours,COM
2011-04-01,OH,Ohio,COM,commercial,3418.83844,million kilowatt hours,COM
2011-03-01,OH,Ohio,COM,commercial,3878.59818,million kilowatt hours,COM
2011-02-01,OH,Ohio,COM,commercial,3561.53975,million kilowatt hours,COM
2011-01-01,OH,Ohio,COM,commercial,3949.3435,million kilowatt hours,COM
2010-12-01,OH,Ohio,COM,commercial,3952.47637,million kilowatt hours,COM
2010-11-01,OH,Ohio,COM,commercial,3584.40263,million kilowatt hours,COM
2010-10-01,OH,Ohio,COM,commercial,3692.24807,million kilowatt hours,COM
2010-09-01,OH,Ohio,COM,commercial,3820.75902,million kilowatt hours,COM
2010-08-01,OH,Ohio,COM,commercial,4416.23028,million kilowatt hours,COM
2010-07-01,OH,Ohio,COM,commercial,4487.20291,million kilowatt hours,COM
2010-06-01,OH,Ohio,COM,commercial,4298.52828,million kilowatt hours,COM
2010-05-01,OH,Ohio,COM,commercial,3823.50448,million kilowatt hours,COM
2010-04-01,OH,Ohio,COM,commercial,3419.02126,million kilowatt hours,COM
2010-03-01,OH,Ohio,COM,commercial,3726.64184,million kilowatt hours,COM
2010-02-01,OH,Ohio,COM,commercial,3507.76805,million kilowatt hours,COM
2010-01-01,OH,Ohio,COM,commercial,3796.84382,million kilowatt hours,COM
2009-12-01,OH,Ohio,COM,commercial,3829.89127,million kilowatt hours,COM
2009-11-01,OH,Ohio,COM,commercial,3308.93882,million kilowatt hours,COM
2009-10-01,OH,Ohio,COM,commercial,3710.36903,million kilowatt hours,COM
2009-09-01,OH,Ohio,COM,commercial,3727.25687,million kilowatt hours,COM
2009-08-01,OH,Ohio,COM,commercial,4285.59678,million kilowatt hours,COM
2009-07-01,OH,Ohio,COM,commercial,3952.08181,million kilowatt hours,COM
2009-06-01,OH,Ohio,COM,commercial,4160.57027,million kilowatt hours,COM
2009-05-01,OH,Ohio,COM,commercial,3670.48548,million kilowatt hours,COM
2009-04-01,OH,Ohio,COM,commercial,3433.74029,million kilowatt hours,COM
2009-03-01,OH,Ohio,COM,commercial,3733.77759,million kilowatt hours,COM
2009-02-01,OH,Ohio,COM,commercial,3486.37511,million kilowatt hours,COM
2009-01-01,OH,Ohio,COM,commercial,4070.65968,million kilowatt hours,COM
2008-12-01,OH,Ohio,COM,commercial,3833.88302,million kilowatt hours,COM
2008-11-01,OH,Ohio,COM,commercial,3565.10652,million kilowatt hours,COM
2008-10-01,OH,Ohio,COM,commercial,3895.16657,million kilowatt hours,COM
2008-09-01,OH,Ohio,COM,commercial,3984.08428,million kilowatt hours,COM
2008-08-01,OH,Ohio,COM,commercial,4272.84212,million kilowatt hours,COM
2008-07-01,OH,Ohio,COM,commercial,4494.07812,million kilowatt hours,COM
2008-06-01,OH,Ohio,COM,commercial,4266.34949,million kilowatt hours,COM
2008-05-01,OH,Ohio,COM,commercial,3810.90636,million kilowatt hours,COM
2008-04-01,OH,Ohio,COM,commercial,3481.99159,million kilowatt hours,COM
2008-03-01,OH,Ohio,COM,commercial,3904.01859,million kilowatt hours,COM
2008-02-01,OH,Ohio,COM,commercial,3820.60517,million kilowatt hours,COM
2008-01-01,OH,Ohio,COM,commercial,3981.20918,million kilowatt hours,COM
2007-12-01,OH,Ohio,COM,commercial,3821.79599,million kilowatt hours,COM
2007-11-01,OH,Ohio,COM,commercial,3565.52727,million kilowatt hours,COM
2007-10-01,OH,Ohio,COM,commercial,4126.60636,million kilowatt hours,COM
2007-09-01,OH,Ohio,COM,commercial,4057.21655,million kilowatt hours,COM
2007-08-01,OH,Ohio,COM,commercial,4760.37485,million kilowatt hours,COM
2007-07-01,OH,Ohio,COM,commercial,4307.39121,million kilowatt hours,COM
2007-06-01,OH,Ohio,COM,commercial,4246.97651,million kilowatt hours,COM
2007-05-01,OH,Ohio,COM,commercial,4044.79733,million kilowatt hours,COM
2007-04-01,OH,Ohio,COM,commercial,3672.60468,million kilowatt hours,COM
2007-03-01,OH,Ohio,COM,commercial,3845.03025,million kilowatt hours,COM
2007-02-01,OH,Ohio,COM,commercial,3762.51407,million kilowatt hours,COM
2007-01-01,OH,Ohio,COM,commercial,3917.67695,million kilowatt hours,COM
2006-12-01,OH,Ohio,COM,commercial,3727.79746,million kilowatt hours,COM
2006-11-01,OH,Ohio,COM,commercial,3533.6341,million kilowatt hours,COM
2006-10-01,OH,Ohio,COM,commercial,3883.61087,million kilowatt hours,COM
2006-09-01,OH,Ohio,COM,commercial,3694.40187,million kilowatt hours,COM
2006-08-01,OH,Ohio,COM,commercial,4481.70318,million kilowatt hours,COM
2006-07-01,OH,Ohio,COM,commercial,4546.03437,million kilowatt hours,COM
2006-06-01,OH,Ohio,COM,commercial,3958.28257,million kilowatt hours,COM
2006-05-01,OH,Ohio,COM,commercial,3861.65312,million kilowatt hours,COM
2006-04-01,OH,Ohio,COM,commercial,3367.96544,million kilowatt hours,COM
2006-03-01,OH,Ohio,COM,commercial,3853.14758,million kilowatt hours,COM
2006-02-01,OH,Ohio,COM,commercial,3511.90004,million kilowatt hours,COM
2006-01-01,OH,Ohio,COM,commercial,3720.57341,million kilowatt hours,COM
2005-12-01,OH,Ohio,COM,commercial,3897.94388,million kilowatt hours,COM
2005-11-01,OH,Ohio,COM,commercial,3600.18698,million kilowatt hours,COM
2005-10-01,OH,Ohio,COM,commercial,3910.25625,million kilowatt hours,COM
2005-09-01,OH,Ohio,COM,commercial,4059.25146,million kilowatt hours,COM
2005-08-01,OH,Ohio,COM,commercial,4516.58707,million kilowatt hours,COM
2005-07-01,OH,Ohio,COM,commercial,4404.37155,million kilowatt hours,COM
2005-06-01,OH,Ohio,COM,commercial,4344.01158,million kilowatt hours,COM
2005-05-01,OH,Ohio,COM,commercial,3639.92735,million kilowatt hours,COM
2005-04-01,OH,Ohio,COM,commercial,3409.20435,million kilowatt hours,COM
2005-03-01,OH,Ohio,COM,commercial,3730.27857,million kilowatt hours,COM
2005-02-01,OH,Ohio,COM,commercial,3527.43584,million kilowatt hours,COM
2005-01-01,OH,Ohio,COM,commercial,3830.30012,million kilowatt hours,COM
2004-12-01,OH,Ohio,COM,commercial,3821.77825,million kilowatt hours,COM
2004-11-01,OH,Ohio,COM,commercial,3432.3126,million kilowatt hours,COM
2004-10-01,OH,Ohio,COM,commercial,3702.07234,million kilowatt hours,COM
2004-09-01,OH,Ohio,COM,commercial,3931.75586,million kilowatt hours,COM
2004-08-01,OH,Ohio,COM,commercial,4146.53108,million kilowatt hours,COM
2004-07-01,OH,Ohio,COM,commercial,4099.02203,million kilowatt hours,COM
2004-06-01,OH,Ohio,COM,commercial,4060.26967,million kilowatt hours,COM
2004-05-01,OH,Ohio,COM,commercial,3691.9554,million kilowatt hours,COM
2004-04-01,OH,Ohio,COM,commercial,3429.69087,million kilowatt hours,COM
2004-03-01,OH,Ohio,COM,commercial,3664.44888,million kilowatt hours,COM
2004-02-01,OH,Ohio,COM,commercial,3476.0547,million kilowatt hours,COM
2004-01-01,OH,Ohio,COM,commercial,3857.56133,million kilowatt hours,COM
2003-12-01,OH,Ohio,COM,commercial,3701.96964,million kilowatt hours,COM
2003-11-01,OH,Ohio,COM,commercial,3346.2898,million kilowatt hours,COM
2003-10-01,OH,Ohio,COM,commercial,3745.88456,million kilowatt hours,COM
2003-09-01,OH,Ohio,COM,commercial,3654.4743,million kilowatt hours,COM
2003-08-01,OH,Ohio,COM,commercial,4122.41608,million kilowatt hours,COM
2003-07-01,OH,Ohio,COM,commercial,4499.72561,million kilowatt hours,COM
2003-06-01,OH,Ohio,COM,commercial,3769.12292,million kilowatt hours,COM
2003-05-01,OH,Ohio,COM,commercial,3617.50606,million kilowatt hours,COM
2003-04-01,OH,Ohio,COM,commercial,3337.48827,million kilowatt hours,COM
2003-03-01,OH,Ohio,COM,commercial,3643.5685,million kilowatt hours,COM
2003-02-01,OH,Ohio,COM,commercial,3451.96132,million kilowatt hours,COM
2003-01-01,OH,Ohio,COM,commercial,3846.16394,million kilowatt hours,COM
2002-12-01,OH,Ohio,COM,commercial,3204.38821,million kilowatt hours,COM
2002-11-01,OH,Ohio,COM,commercial,2934.50826,million kilowatt hours,COM
2002-10-01,OH,Ohio,COM,commercial,3374.80551,million kilowatt hours,COM
2002-09-01,OH,Ohio,COM,commercial,3409.60451,million kilowatt hours,COM
2002-08-01,OH,Ohio,COM,commercial,3837.21458,million kilowatt hours,COM
2002-07-01,OH,Ohio,COM,commercial,4007.85933,million kilowatt hours,COM
2002-06-01,OH,Ohio,COM,commercial,3628.64843,million kilowatt hours,COM
2002-05-01,OH,Ohio,COM,commercial,3205.70477,million kilowatt hours,COM
2002-04-01,OH,Ohio,COM,commercial,3058.81239,million kilowatt hours,COM
2002-03-01,OH,Ohio,COM,commercial,3132.33261,million kilowatt hours,COM
2002-02-01,OH,Ohio,COM,commercial,2963.36063,million kilowatt hours,COM
2002-01-01,OH,Ohio,COM,commercial,3166.93377,million kilowatt hours,COM
2001-12-01,OH,Ohio,COM,commercial,3080.73515,million kilowatt hours,COM
2001-11-01,OH,Ohio,COM,commercial,2893.57459,million kilowatt hours,COM
2001-10-01,OH,Ohio,COM,commercial,3329.67566,million kilowatt hours,COM
2001-09-01,OH,Ohio,COM,commercial,3125.63915,million kilowatt hours,COM
2001-08-01,OH,Ohio,COM,commercial,3967.9245,million kilowatt hours,COM
2001-07-01,OH,Ohio,COM,commercial,3730.7262,million kilowatt hours,COM
2001-06-01,OH,Ohio,COM,commercial,3356.41139,million kilowatt hours,COM
2001-05-01,OH,Ohio,COM,commercial,3299.9395,million kilowatt hours,COM
2001-04-01,OH,Ohio,COM,commercial,2951.70947,million kilowatt hours,COM
2001-03-01,OH,Ohio,COM,commercial,3209.70364,million kilowatt hours,COM
2001-02-01,OH,Ohio,COM,commercial,3005.61322,million kilowatt hours,COM
2001-01-01,OH,Ohio,COM,commercial,3420.42552,million kilowatt hours,COM
