,name,id,cov,lat,lon
2,"ATHENS OU, OH US",GHCND:USC00330279,1.0,39.3224,-82.0995
3,"BELLEFONTAINE, OH US",GHCND:USC00330563,1.0,40.3535,-83.7754
4,"BELLEVILLE LOCK AND DAM, OH US",GHCND:USC00330573,1.0,39.11665,-81.74284
5,"BEVERLY STP, OH US",GHCND:USC00330676,1.0,39.54747,-81.62835
6,"BOWLING GREEN WWTP, OH US",GHCND:USC00330862,1.0,41.3831,-83.6111
7,"BUCKEYE LAKE 1 N, OH US",GHCND:USC00331057,1.0,39.9522,-82.482
8,"BUCYRUS, OH US",GHCND:USC00331072,1.0,40.8126,-82.9698
9,"CELINA 3 NE, OH US",GHCND:USC00331390,1.0,40.56899,-84.537
10,"CENTERBURG 2 SE, OH US",GHCND:USC00331404,1.0,40.2913,-82.6546
11,"CHARDON, OH US",GHCND:USC00331458,1.0,41.58732,-81.19138
13,"CIRCLEVILLE, OH US",GHCND:USC00331592,1.0,39.6104,-82.9555
14,"COLUMBUS HAP CREMEAN WP, OH US",GHCND:USC00331777,1.0,40.0604,-82.8941
15,"DAYTON MCD, OH US",GHCND:USC00332067,1.0,39.78175,-84.19025
16,"DEFIANCE, OH US",GHCND:USC00332098,1.0,41.2783,-84.3847
17,"DENNISON WATER WORKS, OH US",GHCND:USC00332160,1.0,40.4056,-81.3435
18,"EATON, OH US",GHCND:USC00332485,1.0,39.7328,-84.6353
19,"ELYRIA 4 S, OH US",GHCND:USC00332603,1.0,41.3048,-82.1174
20,"FAIRFIELD, OH US",GHCND:USC00332651,1.0,39.3477,-84.5897
21,"FINDLAY WPCC, OH US",GHCND:USC00332791,1.0,41.0461,-83.6622
22,"FRANKLIN, OH US",GHCND:USC00332928,1.0,39.5536,-84.319
23,"FREMONT, OH US",GHCND:USC00332974,1.0,41.33353,-83.11959
24,"GALION WATER WORKS, OH US",GHCND:USC00333021,1.0,40.7231,-82.7999
25,"GALLIPOLIS, OH US",GHCND:USC00333029,1.0,38.82075,-82.18171
26,"GRAND RAPIDS, OH US",GHCND:USC00333292,1.0,41.41786,-83.87172
27,"GREENVILLE WATER PLANT, OH US",GHCND:USC00333375,1.0,40.1032,-84.6504
28,"GREER, OH US",GHCND:USC00333393,1.0,40.5518,-82.2015
29,"HANNIBAL LOCKS AND DAM, OH US",GHCND:USC00333500,1.0,39.6667,-80.8667
30,"HICKSVILLE, OH US",GHCND:USC00333722,1.0,41.28743,-84.75967
31,"HILLSBORO, OH US",GHCND:USC00333758,1.0,39.2334,-83.6091
32,"HIRAM, OH US",GHCND:USC00333780,1.0,41.30718,-81.14759
33,"LAKEVIEW, OH US",GHCND:USC00333915,1.0,40.4911,-83.92532
34,"JACKSON 3 NW, OH US",GHCND:USC00334004,1.0,39.07909,-82.70651
35,"KENTON, OH US",GHCND:USC00334189,1.0,40.64851,-83.606
36,"KINGS MILLS, OH US",GHCND:USC00334238,1.0,39.3531,-84.2602
37,"LANCASTER, OH US",GHCND:USC00334403,1.0,39.7156,-82.6073
38,"LAURELVILLE, OH US",GHCND:USC00334434,1.0,39.4706,-82.7344
39,"LIMA WWTP, OH US",GHCND:USC00334551,1.0,40.7247,-84.1294
40,"LOGAN, OH US",GHCND:USC00334672,1.0,39.5326,-82.3939
41,"LONDON STATE FISH HATCHERY, OH US",GHCND:USC00334681,1.0,39.8972,-83.5096
42,"MANSFIELD 5 W, OH US",GHCND:USC00334874,1.0,40.76047,-82.61668
43,"MARIETTA WWTP, OH US",GHCND:USC00334927,1.0,39.4087,-81.4329
44,"MARYSVILLE, OH US",GHCND:USC00334979,1.0,40.19382,-83.26751
45,"MIAMITOWN, OH US",GHCND:USC00335188,1.0,39.2159,-84.6948
46,"MIDDLETOWN, OH US",GHCND:USC00335220,1.0,39.5161,-84.4071
47,"MILLERSBURG, OH US",GHCND:USC00335297,1.0,40.5375,-81.9197
48,"MONTPELIER, OH US",GHCND:USC00335438,1.0,41.58924,-84.5858
49,"MOSQUITO CREEK LAKE, OH US",GHCND:USC00335505,1.0,41.29853,-80.76418
50,"NELSONVILLE, OH US",GHCND:USC00335718,1.0,39.50143,-82.24376
51,"NEWARK WATER WORKS, OH US",GHCND:USC00335747,1.0,40.0875,-82.4128
52,"NEW CARLISLE, OH US",GHCND:USC00335786,1.0,39.9317,-84.0329
53,"NEW LEXINGTON 2 NW, OH US",GHCND:USC00335857,1.0,39.73315,-82.21559
54,"NORWALK WWTP, OH US",GHCND:USC00336118,1.0,41.26342,-82.61462
55,"OBERLIN, OH US",GHCND:USC00336196,1.0,41.2802,-82.2187
56,"OTTAWA, OH US",GHCND:USC00336342,1.0,41.0324,-84.0543
57,"PAINESVILLE 4 NW, OH US",GHCND:USC00336389,1.0,41.75288,-81.29533
58,"PANDORA, OH US",GHCND:USC00336405,1.0,40.9462,-83.9614
59,"PAULDING, OH US",GHCND:USC00336465,1.0,41.1247,-84.5919
60,"PIKETON, OH US",GHCND:USC00336630,1.0,39.07011,-83.01956
61,"PIQUA, OH US",GHCND:USC00336645,1.0,40.1525,-84.2372
62,"PIQUA WWTP, OH US",GHCND:USC00336650,1.0,40.1311,-84.2344
63,"PLEASANT HILL, OH US",GHCND:USC00336697,1.0,40.0553,-84.3581
64,"PORTSMOUTH SCIOTOVILLE, OH US",GHCND:USC00336781,1.0,38.7569,-82.8872
65,"RAVENNA 2 S, OH US",GHCND:USC00336949,1.0,41.13664,-81.28437
66,"ST. MARYS 3 W, OH US",GHCND:USC00337383,1.0,40.5449,-84.4374
67,"ST PARIS 2 NE, OH US",GHCND:USC00337400,1.0,40.1391,-83.9288
68,"SALEM CENTER 2 E, OH US",GHCND:USC00337410,1.0,39.07009,-82.29089
69,"SIDNEY 1 S, OH US",GHCND:USC00337693,1.0,40.2705,-84.1507
70,"SOUTH POINT, OH US",GHCND:USC00337857,1.0,38.42375,-82.59307
71,"SPRINGFIELD WATER TREATMENT PLANT, OH US",GHCND:USC00337935,1.0,39.9735,-83.8072
72,"STEUBENVILLE, OH US",GHCND:USC00338025,1.0,40.3765,-80.6283
73,"TIPP CITY, OH US",GHCND:USC00338332,1.0,39.9573,-84.17491
74,"URBANA WRF, OH US",GHCND:USC00338552,1.0,40.0991,-83.7823
75,"VAN WERT 1 S, OH US",GHCND:USC00338609,1.0,40.8494,-84.5808
76,"VERSAILLES, OH US",GHCND:USC00338642,1.0,40.2211,-84.4955
77,"WARREN 3 S, OH US",GHCND:USC00338769,1.0,41.2019,-80.8105
78,"WASHINGTON COURT HOUSE, OH US",GHCND:USC00338794,1.0,39.5353,-83.4239
79,"WAUSEON WATER PLANT, OH US",GHCND:USC00338822,1.0,41.5183,-84.1452
80,"WAVERLY, OH US",GHCND:USC00338830,1.0,39.1114,-82.9797
81,"WESTERVILLE, OH US",GHCND:USC00338951,1.0,40.1268,-82.9441
82,"WEST MANCHESTER 3 WSW, OH US",GHCND:USC00338990,1.0,39.8731,-84.6556
83,"WEST UNION 6 ENE, OH US",GHCND:USC00339050,1.0,38.8053,-83.4353
84,"XENIA 6 SSE, OH US",GHCND:USC00339361,1.0,39.613,-83.9058
85,"NEW CUMBERLAND L D, OH US",GHCND:USC00466442,1.0,40.5261,-80.6275
87,"WILMINGTON AIR PARK, OH US",GHCND:USW00013841,1.0,39.43084,-83.777
88,"AKRON FULTON INTERNATIONAL AIRPORT, OH US",GHCND:USW00014813,1.0,41.03732,-81.46341
89,"CLEVELAND HOPKINS INTERNATIONAL AIRPORT, OH US",GHCND:USW00014820,1.0,41.40568,-81.85191
90,"JOHN GLENN INTERNATIONAL AIRPORT, OH US",GHCND:USW00014821,1.0,39.99068,-82.87703
91,"FINDLAY AIRPORT, OH US",GHCND:USW00014825,1.0,41.01369,-83.66814
92,"SANDUSKY, OH US",GHCND:USW00014846,1.0,41.452,-82.723
93,"YOUNGSTOWN WARREN REGIONAL AIRPORT, OH US",GHCND:USW00014852,1.0,41.25478,-80.67361
94,"MANSFIELD LAHM REGIONAL AIRPORT, OH US",GHCND:USW00014891,1.0,40.8204,-82.51769
95,"AKRON CANTON AIRPORT, OH US",GHCND:USW00014895,1.0,40.91811,-81.44342
96,"CINCINNATI MUNICIPAL AIRPORT LUNKEN FIELD, OH US",GHCND:USW00093812,1.0,39.106,-84.41609
97,"DAYTON INTERNATIONAL AIRPORT, OH US",GHCND:USW00093815,1.0,39.90638,-84.21853
98,"ZANESVILLE MUNICIPAL AIRPORT, OH US",GHCND:USW00093824,1.0,39.94609,-81.89315
99,"TOLEDO EXPRESS AIRPORT, OH US",GHCND:USW00094830,1.0,41.58705,-83.80538